order_id,order_date,customer_age,restaurant_type,order_value,delivery_distance_km,delivery_time_minutes,payment_method,delivery_partner_rating,order_status,order_month,order_dayofweek,age_group,delivery_speed,distance_category,order_size
1,2024-11-05,62,Indian,497.51,11.07,79,UPI,3.9,Cancelled,11,Tuesday,Senior (45+),Slow,Far,Regular
2,2024-08-20,35,Bakery,232.32,5.83,69,Wallet,2.7,Cancelled,8,Tuesday,Adult (30-44),Slow,Medium,Budget
3,2024-02-28,34,Italian,540.82,3.61,70,Wallet,3.4,Cancelled,2,Wednesday,Adult (30-44),Slow,Near,Regular
4,2024-05-26,65,Cafe,1197.99,3.66,18,Card,4.6,Cancelled,5,Sunday,Senior (45+),Fast,Near,Premium
5,2024-09-21,40,Indian,947.03,12.08,57,UPI,4.9,Delayed,9,Saturday,Adult (30-44),Normal,Far,Premium
6,2024-03-16,51,Italian,835.75,3.56,85,UPI,3.8,Delayed,3,Saturday,Senior (45+),Slow,Near,Regular
7,2024-11-20,52,Cafe,771.83,14.37,80,Card,3.7,Delivered,11,Wednesday,Senior (45+),Slow,Far,Regular
8,2024-11-24,52,Chinese,926.2,12.81,19,UPI,4.4,Delayed,11,Sunday,Senior (45+),Fast,Far,Premium
9,2024-07-23,38,Bakery,548.11,13.54,42,Cash,4.1,Delayed,7,Tuesday,Adult (30-44),Normal,Far,Regular
10,2024-07-01,24,Fast Food,177.18,8.15,29,Cash,2.9,Delivered,7,Monday,Young (18-29),Fast,Medium,Budget
11,2024-09-16,27,Cafe,806.68,5.43,53,Cash,3.1,Cancelled,9,Monday,Young (18-29),Normal,Medium,Regular
12,2024-08-27,61,Bakery,1193.33,9.68,26,UPI,3.5,Delivered,8,Tuesday,Senior (45+),Fast,Medium,Premium
13,2024-01-09,31,Chinese,758.14,1.28,57,Cash,2.9,Delayed,1,Tuesday,Adult (30-44),Normal,Near,Regular
14,2024-09-02,47,Cafe,937.07,13.41,88,Wallet,3.8,Cancelled,9,Monday,Senior (45+),Slow,Far,Premium
15,2024-08-21,62,Chinese,810.18,12.36,87,Cash,5.0,Delayed,8,Wednesday,Senior (45+),Slow,Far,Regular
16,2024-07-24,38,Bakery,773.12,9.07,50,Wallet,2.8,Cancelled,7,Wednesday,Adult (30-44),Normal,Medium,Regular
17,2024-04-09,54,Cafe,816.14,10.95,86,UPI,4.8,Delayed,4,Tuesday,Senior (45+),Slow,Far,Regular
18,2024-04-20,43,Cafe,640.6,4.49,50,Cash,4.1,Delayed,4,Saturday,Adult (30-44),Normal,Near,Regular
19,2024-03-01,54,Indian,193.87,4.4,63,UPI,2.8,Delivered,3,Friday,Senior (45+),Slow,Near,Budget
20,2024-08-23,23,Chinese,183.09,14.11,52,Cash,2.9,Cancelled,8,Friday,Young (18-29),Normal,Far,Budget
21,2024-10-22,45,Italian,343.21,8.39,77,Cash,4.7,Cancelled,10,Tuesday,Senior (45+),Slow,Medium,Budget
22,2024-12-24,57,Cafe,628.52,12.79,50,UPI,4.0,Cancelled,12,Tuesday,Senior (45+),Normal,Far,Regular
23,2024-07-11,38,Indian,471.61,10.22,33,Cash,4.8,Delivered,7,Thursday,Adult (30-44),Normal,Far,Regular
24,2024-06-12,36,Fast Food,873.9,8.41,20,Wallet,3.8,Cancelled,6,Wednesday,Adult (30-44),Fast,Medium,Premium
25,2024-03-18,53,Bakery,310.93,10.26,17,Wallet,3.1,Delivered,3,Monday,Senior (45+),Fast,Far,Budget
26,2024-06-28,46,Indian,556.41,8.18,60,Card,2.6,Cancelled,6,Friday,Senior (45+),Slow,Medium,Regular
27,2024-03-25,53,Indian,921.62,12.48,56,Card,4.1,Cancelled,3,Monday,Senior (45+),Normal,Far,Premium
28,2024-09-20,38,Cafe,272.59,6.26,21,UPI,4.7,Cancelled,9,Friday,Adult (30-44),Fast,Medium,Budget
29,2024-05-26,43,Bakery,807.09,10.99,84,Card,4.4,Delayed,5,Sunday,Adult (30-44),Slow,Far,Regular
30,2024-08-04,24,Cafe,209.75,10.47,82,UPI,3.3,Delivered,8,Sunday,Young (18-29),Slow,Far,Budget
31,2024-08-13,46,Bakery,572.97,7.68,57,Wallet,3.4,Delayed,8,Tuesday,Senior (45+),Normal,Medium,Regular
32,2024-08-15,55,Indian,453.01,7.74,72,Cash,3.5,Delayed,8,Thursday,Senior (45+),Slow,Medium,Regular
33,2024-04-24,44,Chinese,266.46,1.75,71,Cash,3.4,Cancelled,4,Wednesday,Adult (30-44),Slow,Near,Budget
34,2024-11-05,65,Cafe,901.81,6.52,55,Wallet,2.8,Delivered,11,Tuesday,Senior (45+),Normal,Medium,Premium
35,2024-03-28,21,Bakery,335.18,3.36,27,Wallet,4.3,Delivered,3,Thursday,Young (18-29),Fast,Near,Budget
36,2024-06-12,58,Cafe,450.15,14.02,29,Cash,3.5,Cancelled,6,Wednesday,Senior (45+),Fast,Far,Regular
37,2024-10-10,24,Fast Food,412.83,8.04,65,Wallet,3.7,Delivered,10,Thursday,Young (18-29),Slow,Medium,Budget
38,2024-03-31,40,Indian,686.97,13.24,16,Cash,4.1,Cancelled,3,Sunday,Adult (30-44),Fast,Far,Regular
39,2024-01-09,47,Chinese,194.0,12.99,16,UPI,3.2,Delayed,1,Tuesday,Senior (45+),Fast,Far,Budget
40,2024-01-14,26,Cafe,1019.66,11.56,60,UPI,4.9,Delayed,1,Sunday,Young (18-29),Slow,Far,Premium
41,2024-12-08,26,Bakery,172.51,6.54,15,Card,4.2,Delivered,12,Sunday,Young (18-29),Fast,Medium,Budget
42,2024-02-22,30,Italian,889.5,4.34,69,Wallet,4.3,Delayed,2,Thursday,Adult (30-44),Slow,Near,Premium
43,2024-07-01,19,Fast Food,346.38,4.79,66,Cash,4.1,Delivered,7,Monday,Young (18-29),Slow,Near,Budget
44,2024-12-12,40,Cafe,164.18,9.13,73,Card,3.1,Cancelled,12,Thursday,Adult (30-44),Slow,Medium,Budget
45,2024-10-24,20,Indian,985.03,6.83,71,UPI,4.3,Delivered,10,Thursday,Young (18-29),Slow,Medium,Premium
46,2024-12-12,29,Cafe,412.23,11.33,41,Card,2.7,Delayed,12,Thursday,Young (18-29),Normal,Far,Budget
47,2024-05-30,52,Indian,286.76,5.08,27,Wallet,3.2,Delivered,5,Thursday,Senior (45+),Fast,Medium,Budget
48,2024-11-23,38,Indian,481.74,8.16,77,Card,3.5,Delayed,11,Saturday,Adult (30-44),Slow,Medium,Regular
49,2024-03-02,53,Fast Food,468.92,6.71,60,Cash,2.8,Delayed,3,Saturday,Senior (45+),Slow,Medium,Regular
50,2024-11-02,54,Chinese,809.62,3.33,64,Card,2.7,Delayed,11,Saturday,Senior (45+),Slow,Near,Regular
51,2024-11-28,33,Italian,854.03,12.18,33,UPI,2.7,Cancelled,11,Thursday,Adult (30-44),Normal,Far,Premium
52,2024-09-01,64,Indian,499.12,1.64,79,UPI,4.2,Delayed,9,Sunday,Senior (45+),Slow,Near,Regular
53,2024-01-29,55,Chinese,331.23,8.32,26,Cash,3.9,Cancelled,1,Monday,Senior (45+),Fast,Medium,Budget
54,2024-02-07,59,Cafe,658.77,4.93,86,UPI,2.6,Delayed,2,Wednesday,Senior (45+),Slow,Near,Regular
55,2024-11-11,64,Bakery,668.85,9.82,51,Card,3.2,Delayed,11,Monday,Senior (45+),Normal,Medium,Regular
56,2024-08-28,25,Indian,401.65,11.59,64,Card,3.9,Delivered,8,Wednesday,Young (18-29),Slow,Far,Budget
57,2024-10-03,46,Chinese,779.74,12.57,31,UPI,4.5,Delayed,10,Thursday,Senior (45+),Normal,Far,Regular
58,2024-03-11,47,Indian,439.7,0.56,38,UPI,4.4,Cancelled,3,Monday,Senior (45+),Normal,Near,Budget
59,2024-12-19,20,Indian,698.47,12.98,89,Cash,4.6,Delayed,12,Thursday,Young (18-29),Slow,Far,Regular
60,2024-12-20,52,Cafe,937.01,7.65,74,UPI,4.4,Delayed,12,Friday,Senior (45+),Slow,Medium,Premium
61,2024-07-28,39,Bakery,1183.0,4.69,53,Wallet,3.9,Cancelled,7,Sunday,Adult (30-44),Normal,Near,Premium
62,2024-03-08,54,Fast Food,1004.92,11.83,40,Card,4.8,Cancelled,3,Friday,Senior (45+),Normal,Far,Premium
63,2024-05-09,41,Italian,576.89,9.03,52,UPI,3.1,Delayed,5,Thursday,Adult (30-44),Normal,Medium,Regular
64,2024-12-09,19,Cafe,938.23,7.48,71,Cash,4.9,Delivered,12,Monday,Young (18-29),Slow,Medium,Premium
65,2024-10-20,38,Fast Food,420.05,8.92,68,Wallet,4.3,Cancelled,10,Sunday,Adult (30-44),Slow,Medium,Budget
66,2024-09-11,48,Indian,419.6,1.5,78,Card,3.1,Delayed,9,Wednesday,Senior (45+),Slow,Near,Budget
67,2024-08-21,62,Italian,805.56,8.92,27,Wallet,3.9,Cancelled,8,Wednesday,Senior (45+),Fast,Medium,Regular
68,2024-08-20,22,Bakery,835.98,5.85,67,Wallet,4.5,Delayed,8,Tuesday,Young (18-29),Slow,Medium,Regular
69,2024-10-14,30,Fast Food,800.35,8.85,85,Card,3.4,Cancelled,10,Monday,Adult (30-44),Slow,Medium,Regular
70,2024-05-01,55,Bakery,551.82,12.14,23,UPI,4.8,Delivered,5,Wednesday,Senior (45+),Fast,Far,Regular
71,2024-06-11,49,Bakery,532.03,6.75,64,Wallet,3.7,Cancelled,6,Tuesday,Senior (45+),Slow,Medium,Regular
72,2024-10-11,37,Bakery,1096.12,1.82,45,UPI,4.8,Delivered,10,Friday,Adult (30-44),Normal,Near,Premium
73,2024-05-25,59,Italian,803.3,10.42,59,Wallet,3.0,Cancelled,5,Saturday,Senior (45+),Normal,Far,Regular
74,2024-08-21,39,Italian,313.66,14.04,35,Card,3.6,Cancelled,8,Wednesday,Adult (30-44),Normal,Far,Budget
75,2024-06-24,37,Chinese,193.56,6.78,49,UPI,4.9,Cancelled,6,Monday,Adult (30-44),Normal,Medium,Budget
76,2024-08-12,37,Bakery,874.31,8.66,58,Wallet,5.0,Delayed,8,Monday,Adult (30-44),Normal,Medium,Premium
77,2024-12-13,21,Bakery,1123.71,5.53,90,UPI,2.7,Delivered,12,Friday,Young (18-29),Slow,Medium,Premium
78,2024-11-28,43,Bakery,497.26,10.06,36,Wallet,3.3,Delivered,11,Thursday,Adult (30-44),Normal,Far,Regular
79,2024-12-08,36,Italian,1083.21,1.78,41,Wallet,3.8,Cancelled,12,Sunday,Adult (30-44),Normal,Near,Premium
80,2024-07-16,29,Chinese,961.1,13.2,16,Card,4.5,Cancelled,7,Tuesday,Young (18-29),Fast,Far,Premium
81,2024-08-26,44,Chinese,765.08,9.84,69,Card,2.7,Delivered,8,Monday,Adult (30-44),Slow,Medium,Regular
82,2024-11-06,47,Chinese,704.03,1.83,33,Wallet,4.4,Delayed,11,Wednesday,Senior (45+),Normal,Near,Regular
83,2024-08-31,40,Italian,921.49,1.01,75,UPI,3.4,Delivered,8,Saturday,Adult (30-44),Slow,Near,Premium
84,2024-10-10,42,Bakery,338.79,5.03,47,UPI,2.7,Delayed,10,Thursday,Adult (30-44),Normal,Medium,Budget
85,2024-09-12,53,Italian,925.0,0.91,44,UPI,4.0,Delayed,9,Thursday,Senior (45+),Normal,Near,Premium
86,2024-07-05,27,Chinese,219.65,4.48,80,Cash,4.1,Cancelled,7,Friday,Young (18-29),Slow,Near,Budget
87,2024-06-03,42,Bakery,171.43,4.66,44,Wallet,4.2,Delayed,6,Monday,Adult (30-44),Normal,Near,Budget
88,2024-09-03,42,Italian,744.13,13.97,16,Wallet,2.8,Delayed,9,Tuesday,Adult (30-44),Fast,Far,Regular
89,2024-10-15,60,Chinese,1017.52,11.89,77,Card,4.9,Delayed,10,Tuesday,Senior (45+),Slow,Far,Premium
90,2024-10-11,26,Cafe,857.45,8.73,77,Cash,3.0,Cancelled,10,Friday,Young (18-29),Slow,Medium,Premium
91,2024-03-18,53,Bakery,1177.39,6.95,76,Cash,3.9,Cancelled,3,Monday,Senior (45+),Slow,Medium,Premium
92,2024-07-21,64,Fast Food,222.94,4.01,68,Card,3.5,Delayed,7,Sunday,Senior (45+),Slow,Near,Budget
93,2024-08-24,60,Italian,358.24,9.45,86,Cash,2.6,Delayed,8,Saturday,Senior (45+),Slow,Medium,Budget
94,2024-08-06,45,Italian,902.2,5.07,36,UPI,3.7,Cancelled,8,Tuesday,Senior (45+),Normal,Medium,Premium
95,2024-10-15,36,Fast Food,646.58,11.66,15,Cash,2.8,Delivered,10,Tuesday,Adult (30-44),Fast,Far,Regular
96,2024-03-31,26,Chinese,692.18,4.66,60,UPI,2.7,Delivered,3,Sunday,Young (18-29),Slow,Near,Regular
97,2024-05-13,21,Bakery,398.18,0.82,85,UPI,3.6,Delayed,5,Monday,Young (18-29),Slow,Near,Budget
98,2024-01-10,48,Italian,261.92,6.57,46,UPI,3.1,Cancelled,1,Wednesday,Senior (45+),Normal,Medium,Budget
99,2024-05-21,44,Cafe,669.0,7.37,61,Wallet,3.9,Cancelled,5,Tuesday,Adult (30-44),Slow,Medium,Regular
100,2024-08-25,59,Fast Food,1100.38,3.64,47,Cash,3.6,Delayed,8,Sunday,Senior (45+),Normal,Near,Premium
101,2024-06-16,29,Chinese,775.42,13.58,24,Cash,5.0,Cancelled,6,Sunday,Young (18-29),Fast,Far,Regular
102,2024-11-17,38,Indian,634.31,3.84,46,Wallet,3.1,Delivered,11,Sunday,Adult (30-44),Normal,Near,Regular
103,2024-09-07,62,Chinese,425.38,6.99,79,Wallet,3.8,Delivered,9,Saturday,Senior (45+),Slow,Medium,Budget
104,2024-09-25,41,Bakery,943.41,11.99,39,Wallet,3.3,Delivered,9,Wednesday,Adult (30-44),Normal,Far,Premium
105,2024-05-15,48,Indian,161.37,3.38,62,Wallet,3.4,Delivered,5,Wednesday,Senior (45+),Slow,Near,Budget
106,2024-05-23,42,Italian,180.49,7.56,52,Wallet,4.3,Delayed,5,Thursday,Adult (30-44),Normal,Medium,Budget
107,2024-09-25,51,Cafe,295.69,14.51,40,Cash,3.6,Delayed,9,Wednesday,Senior (45+),Normal,Far,Budget
108,2024-10-01,59,Indian,971.91,1.81,26,UPI,5.0,Delivered,10,Tuesday,Senior (45+),Fast,Near,Premium
109,2024-12-01,48,Indian,1146.8,13.51,47,Wallet,2.8,Delayed,12,Sunday,Senior (45+),Normal,Far,Premium
110,2024-04-01,42,Indian,1060.8,10.84,16,Card,4.0,Delivered,4,Monday,Adult (30-44),Fast,Far,Premium
111,2024-04-18,45,Fast Food,246.11,7.61,62,UPI,2.9,Delayed,4,Thursday,Senior (45+),Slow,Medium,Budget
112,2024-06-24,26,Bakery,998.09,2.47,48,Cash,3.3,Delayed,6,Monday,Young (18-29),Normal,Near,Premium
113,2024-09-07,24,Cafe,590.8,13.57,40,Card,3.9,Cancelled,9,Saturday,Young (18-29),Normal,Far,Regular
114,2024-01-25,28,Cafe,278.46,6.56,38,Cash,4.0,Delayed,1,Thursday,Young (18-29),Normal,Medium,Budget
115,2024-01-08,64,Fast Food,604.93,4.75,15,Cash,2.7,Cancelled,1,Monday,Senior (45+),Fast,Near,Regular
116,2024-10-29,64,Fast Food,1014.01,4.31,73,UPI,3.2,Delivered,10,Tuesday,Senior (45+),Slow,Near,Premium
117,2024-01-05,38,Indian,335.59,11.32,75,Card,3.7,Delayed,1,Friday,Adult (30-44),Slow,Far,Budget
118,2024-10-08,26,Fast Food,1085.17,14.4,55,Card,3.7,Delivered,10,Tuesday,Young (18-29),Normal,Far,Premium
119,2024-05-20,33,Fast Food,1089.83,9.66,44,Card,2.8,Cancelled,5,Monday,Adult (30-44),Normal,Medium,Premium
120,2024-04-22,19,Indian,1194.94,3.69,68,Cash,4.8,Delivered,4,Monday,Young (18-29),Slow,Near,Premium
121,2024-03-13,51,Italian,468.73,4.94,51,Cash,3.9,Cancelled,3,Wednesday,Senior (45+),Normal,Near,Regular
122,2024-04-24,36,Cafe,462.71,6.79,51,Card,3.2,Delivered,4,Wednesday,Adult (30-44),Normal,Medium,Regular
123,2024-06-16,51,Chinese,886.72,8.53,47,Cash,3.1,Cancelled,6,Sunday,Senior (45+),Normal,Medium,Premium
124,2024-04-07,19,Cafe,358.51,9.44,33,Cash,4.9,Delayed,4,Sunday,Young (18-29),Normal,Medium,Budget
125,2024-09-14,38,Indian,934.86,11.37,28,Cash,2.7,Delivered,9,Saturday,Adult (30-44),Fast,Far,Premium
126,2024-10-05,58,Indian,835.9,9.63,50,UPI,4.9,Delayed,10,Saturday,Senior (45+),Normal,Medium,Regular
127,2024-10-05,59,Cafe,498.15,6.26,68,Card,3.3,Cancelled,10,Saturday,Senior (45+),Slow,Medium,Regular
128,2024-09-23,31,Italian,637.59,13.18,40,Wallet,2.7,Cancelled,9,Monday,Adult (30-44),Normal,Far,Regular
129,2024-11-13,38,Bakery,676.33,8.69,86,Cash,4.3,Cancelled,11,Wednesday,Adult (30-44),Slow,Medium,Regular
130,2024-12-27,34,Italian,1034.07,9.71,86,Card,3.5,Delivered,12,Friday,Adult (30-44),Slow,Medium,Premium
131,2024-10-24,23,Italian,702.12,5.94,48,UPI,3.7,Delivered,10,Thursday,Young (18-29),Normal,Medium,Regular
132,2024-12-08,31,Italian,440.5,5.26,88,Wallet,4.7,Cancelled,12,Sunday,Adult (30-44),Slow,Medium,Budget
133,2024-01-11,31,Chinese,335.52,13.67,83,Card,2.8,Cancelled,1,Thursday,Adult (30-44),Slow,Far,Budget
134,2024-09-27,54,Bakery,614.99,5.91,19,Cash,4.0,Delivered,9,Friday,Senior (45+),Fast,Medium,Regular
135,2024-11-10,41,Fast Food,927.98,5.89,65,UPI,2.6,Delivered,11,Sunday,Adult (30-44),Slow,Medium,Premium
136,2024-03-20,53,Chinese,260.86,1.05,34,Wallet,3.5,Cancelled,3,Wednesday,Senior (45+),Normal,Near,Budget
137,2024-01-03,24,Fast Food,320.5,14.21,27,UPI,2.8,Delivered,1,Wednesday,Young (18-29),Fast,Far,Budget
138,2024-02-25,53,Fast Food,680.8,8.46,25,Wallet,2.9,Delivered,2,Sunday,Senior (45+),Fast,Medium,Regular
139,2024-12-08,24,Indian,1072.74,8.2,65,Card,4.5,Cancelled,12,Sunday,Young (18-29),Slow,Medium,Premium
140,2024-07-23,45,Italian,276.14,11.18,24,Wallet,2.9,Cancelled,7,Tuesday,Senior (45+),Fast,Far,Budget
141,2024-04-02,38,Cafe,378.66,11.64,84,Cash,4.9,Delivered,4,Tuesday,Adult (30-44),Slow,Far,Budget
142,2024-10-12,55,Bakery,243.87,3.12,55,Wallet,4.7,Cancelled,10,Saturday,Senior (45+),Normal,Near,Budget
143,2024-10-04,61,Chinese,704.74,12.44,78,Wallet,3.2,Cancelled,10,Friday,Senior (45+),Slow,Far,Regular
144,2024-06-18,21,Cafe,864.64,2.26,88,Cash,3.6,Cancelled,6,Tuesday,Young (18-29),Slow,Near,Premium
145,2024-03-26,32,Chinese,1091.87,5.89,84,Card,3.9,Delayed,3,Tuesday,Adult (30-44),Slow,Medium,Premium
146,2024-08-17,22,Chinese,790.11,13.35,73,Wallet,2.5,Cancelled,8,Saturday,Young (18-29),Slow,Far,Regular
147,2024-05-02,63,Italian,543.63,13.88,23,Card,4.3,Delivered,5,Thursday,Senior (45+),Fast,Far,Regular
148,2024-09-26,63,Chinese,736.6,3.72,24,UPI,4.9,Cancelled,9,Thursday,Senior (45+),Fast,Near,Regular
149,2024-12-09,57,Bakery,1153.33,14.24,74,UPI,4.6,Cancelled,12,Monday,Senior (45+),Slow,Far,Premium
150,2024-11-12,54,Bakery,716.44,11.7,22,Card,4.4,Cancelled,11,Tuesday,Senior (45+),Fast,Far,Regular
151,2024-11-05,65,Italian,326.2,5.9,33,Wallet,3.6,Delivered,11,Tuesday,Senior (45+),Normal,Medium,Budget
152,2024-02-09,29,Italian,733.43,10.92,46,Card,4.0,Delayed,2,Friday,Young (18-29),Normal,Far,Regular
153,2024-07-20,41,Bakery,485.48,10.28,17,UPI,3.4,Delayed,7,Saturday,Adult (30-44),Fast,Far,Regular
154,2024-11-13,54,Indian,643.99,11.25,38,Wallet,2.5,Delivered,11,Wednesday,Senior (45+),Normal,Far,Regular
155,2024-08-14,18,Fast Food,853.07,10.08,26,UPI,4.0,Delayed,8,Wednesday,Young (18-29),Fast,Far,Premium
156,2024-01-12,51,Chinese,454.17,13.95,32,Card,2.5,Delayed,1,Friday,Senior (45+),Normal,Far,Regular
157,2024-03-04,61,Cafe,1168.19,8.4,57,Wallet,4.9,Cancelled,3,Monday,Senior (45+),Normal,Medium,Premium
158,2024-08-10,57,Bakery,554.75,4.35,87,UPI,2.6,Delayed,8,Saturday,Senior (45+),Slow,Near,Regular
159,2024-02-11,25,Bakery,884.45,12.76,51,Cash,2.7,Delayed,2,Sunday,Young (18-29),Normal,Far,Premium
160,2024-08-07,59,Cafe,158.59,14.83,67,UPI,4.9,Delivered,8,Wednesday,Senior (45+),Slow,Far,Budget
161,2024-07-22,53,Cafe,500.34,11.75,40,UPI,3.5,Delayed,7,Monday,Senior (45+),Normal,Far,Regular
162,2024-04-30,20,Bakery,1019.03,2.09,85,Card,4.0,Delayed,4,Tuesday,Young (18-29),Slow,Near,Premium
163,2024-08-12,20,Cafe,926.55,4.36,53,Cash,4.4,Delivered,8,Monday,Young (18-29),Normal,Near,Premium
164,2024-07-27,55,Indian,242.25,0.52,80,Wallet,4.9,Delayed,7,Saturday,Senior (45+),Slow,Near,Budget
165,2024-04-23,40,Cafe,402.58,13.06,76,Cash,4.9,Cancelled,4,Tuesday,Adult (30-44),Slow,Far,Budget
166,2024-10-02,48,Indian,295.25,11.16,29,Card,3.4,Cancelled,10,Wednesday,Senior (45+),Fast,Far,Budget
167,2024-05-09,57,Chinese,403.94,14.68,61,UPI,3.4,Delayed,5,Thursday,Senior (45+),Slow,Far,Budget
168,2024-08-23,46,Chinese,530.68,3.52,70,Cash,4.3,Delivered,8,Friday,Senior (45+),Slow,Near,Regular
169,2024-11-18,21,Bakery,897.59,4.91,26,Card,4.2,Cancelled,11,Monday,Young (18-29),Fast,Near,Premium
170,2024-01-27,51,Italian,224.25,11.88,66,Wallet,4.8,Cancelled,1,Saturday,Senior (45+),Slow,Far,Budget
171,2024-10-08,26,Italian,470.73,3.34,28,Wallet,4.9,Cancelled,10,Tuesday,Young (18-29),Fast,Near,Regular
172,2024-05-07,26,Fast Food,725.52,6.14,58,Card,4.8,Cancelled,5,Tuesday,Young (18-29),Normal,Medium,Regular
173,2024-08-08,46,Cafe,367.14,11.37,32,UPI,2.7,Delivered,8,Thursday,Senior (45+),Normal,Far,Budget
174,2024-09-04,48,Cafe,1130.32,14.17,22,UPI,3.7,Delivered,9,Wednesday,Senior (45+),Fast,Far,Premium
175,2024-12-28,39,Chinese,684.01,7.92,88,UPI,3.1,Delivered,12,Saturday,Adult (30-44),Slow,Medium,Regular
176,2024-06-03,45,Chinese,439.21,5.67,19,Wallet,4.3,Cancelled,6,Monday,Senior (45+),Fast,Medium,Budget
177,2024-04-17,35,Bakery,869.39,11.5,45,UPI,4.9,Cancelled,4,Wednesday,Adult (30-44),Normal,Far,Premium
178,2024-03-25,59,Indian,470.19,5.66,23,Card,2.6,Delivered,3,Monday,Senior (45+),Fast,Medium,Regular
179,2024-02-01,29,Cafe,343.54,7.08,66,UPI,4.9,Delivered,2,Thursday,Young (18-29),Slow,Medium,Budget
180,2024-05-04,55,Chinese,332.1,8.79,54,Card,3.2,Delivered,5,Saturday,Senior (45+),Normal,Medium,Budget
181,2024-06-04,28,Fast Food,709.86,14.98,69,UPI,3.9,Cancelled,6,Tuesday,Young (18-29),Slow,Far,Regular
182,2024-06-16,42,Bakery,648.63,1.47,78,Card,3.4,Cancelled,6,Sunday,Adult (30-44),Slow,Near,Regular
183,2024-12-19,42,Italian,270.8,7.39,30,UPI,4.7,Delayed,12,Thursday,Adult (30-44),Normal,Medium,Budget
184,2024-09-02,64,Bakery,722.53,2.26,50,Cash,3.0,Delayed,9,Monday,Senior (45+),Normal,Near,Regular
185,2024-02-06,22,Italian,577.24,14.77,54,UPI,3.5,Delayed,2,Tuesday,Young (18-29),Normal,Far,Regular
186,2024-08-15,18,Cafe,846.5,7.16,48,UPI,3.6,Delayed,8,Thursday,Young (18-29),Normal,Medium,Regular
187,2024-09-13,26,Italian,967.12,11.93,80,Card,3.7,Delivered,9,Friday,Young (18-29),Slow,Far,Premium
188,2024-05-20,37,Fast Food,237.04,5.24,77,Card,3.1,Delivered,5,Monday,Adult (30-44),Slow,Medium,Budget
189,2024-12-07,41,Cafe,322.97,5.35,53,Cash,3.6,Delivered,12,Saturday,Adult (30-44),Normal,Medium,Budget
190,2024-04-06,32,Indian,575.76,9.42,29,Cash,2.9,Cancelled,4,Saturday,Adult (30-44),Fast,Medium,Regular
191,2024-01-03,54,Cafe,1133.36,14.57,90,UPI,2.8,Delayed,1,Wednesday,Senior (45+),Slow,Far,Premium
192,2024-10-20,22,Fast Food,874.0,13.48,47,Card,4.0,Cancelled,10,Sunday,Young (18-29),Normal,Far,Premium
193,2024-10-14,40,Cafe,329.51,9.37,82,Wallet,3.6,Delivered,10,Monday,Adult (30-44),Slow,Medium,Budget
194,2024-11-06,61,Bakery,1060.61,13.48,56,Cash,2.9,Delayed,11,Wednesday,Senior (45+),Normal,Far,Premium
195,2024-09-03,26,Chinese,551.77,12.28,61,Wallet,4.9,Delivered,9,Tuesday,Young (18-29),Slow,Far,Regular
196,2024-11-27,36,Chinese,1132.54,4.17,78,Card,3.5,Delivered,11,Wednesday,Adult (30-44),Slow,Near,Premium
197,2024-09-08,37,Indian,876.47,4.54,72,Wallet,3.6,Cancelled,9,Sunday,Adult (30-44),Slow,Near,Premium
198,2024-08-29,62,Cafe,933.54,4.61,80,Cash,4.3,Cancelled,8,Thursday,Senior (45+),Slow,Near,Premium
199,2024-01-29,49,Italian,1036.36,6.97,84,Card,5.0,Delivered,1,Monday,Senior (45+),Slow,Medium,Premium
200,2024-07-20,53,Italian,770.91,1.41,57,Card,3.2,Cancelled,7,Saturday,Senior (45+),Normal,Near,Regular
201,2024-01-13,20,Bakery,854.61,12.54,68,Card,4.7,Delayed,1,Saturday,Young (18-29),Slow,Far,Premium
202,2024-07-22,19,Indian,957.51,13.97,89,UPI,4.3,Delivered,7,Monday,Young (18-29),Slow,Far,Premium
203,2024-07-19,48,Bakery,901.54,13.38,22,Card,3.5,Delayed,7,Friday,Senior (45+),Fast,Far,Premium
204,2024-07-31,59,Bakery,805.7,11.91,29,Wallet,4.6,Cancelled,7,Wednesday,Senior (45+),Fast,Far,Regular
205,2024-04-11,51,Indian,964.02,8.16,50,Wallet,4.3,Delivered,4,Thursday,Senior (45+),Normal,Medium,Premium
206,2024-04-07,29,Chinese,1084.68,11.77,23,Cash,3.5,Delivered,4,Sunday,Young (18-29),Fast,Far,Premium
207,2024-03-02,29,Italian,1040.01,1.92,22,UPI,2.9,Delivered,3,Saturday,Young (18-29),Fast,Near,Premium
208,2024-08-27,44,Bakery,794.45,12.63,20,Wallet,3.7,Delivered,8,Tuesday,Adult (30-44),Fast,Far,Regular
209,2024-01-24,48,Bakery,1013.56,11.74,38,UPI,3.7,Delayed,1,Wednesday,Senior (45+),Normal,Far,Premium
210,2024-11-13,38,Italian,256.03,13.58,72,UPI,4.9,Delivered,11,Wednesday,Adult (30-44),Slow,Far,Budget
211,2024-02-19,24,Cafe,729.32,11.3,80,Card,4.0,Cancelled,2,Monday,Young (18-29),Slow,Far,Regular
212,2024-06-14,65,Italian,815.14,9.56,42,Wallet,4.9,Cancelled,6,Friday,Senior (45+),Normal,Medium,Regular
213,2024-06-19,63,Indian,1078.42,9.38,76,UPI,4.2,Cancelled,6,Wednesday,Senior (45+),Slow,Medium,Premium
214,2024-07-11,37,Fast Food,325.18,9.13,87,UPI,3.8,Cancelled,7,Thursday,Adult (30-44),Slow,Medium,Budget
215,2024-09-13,24,Fast Food,594.01,11.87,27,Cash,2.7,Delivered,9,Friday,Young (18-29),Fast,Far,Regular
216,2024-01-22,45,Indian,910.7,1.86,71,Card,3.8,Delivered,1,Monday,Senior (45+),Slow,Near,Premium
217,2024-11-03,54,Chinese,248.8,9.93,53,Card,4.4,Delayed,11,Sunday,Senior (45+),Normal,Medium,Budget
218,2024-07-19,39,Fast Food,622.81,4.86,32,Wallet,4.0,Cancelled,7,Friday,Adult (30-44),Normal,Near,Regular
219,2024-07-22,18,Fast Food,690.74,13.53,39,Card,4.6,Delivered,7,Monday,Young (18-29),Normal,Far,Regular
220,2024-06-20,52,Bakery,387.17,14.27,51,UPI,3.4,Delayed,6,Thursday,Senior (45+),Normal,Far,Budget
221,2024-02-20,30,Italian,625.94,4.66,43,UPI,3.1,Cancelled,2,Tuesday,Adult (30-44),Normal,Near,Regular
222,2024-01-08,31,Bakery,810.44,1.13,83,Cash,4.3,Delivered,1,Monday,Adult (30-44),Slow,Near,Regular
223,2024-05-05,22,Bakery,985.71,2.02,25,Card,4.8,Cancelled,5,Sunday,Young (18-29),Fast,Near,Premium
224,2024-08-22,51,Italian,582.18,7.08,40,Wallet,4.9,Delayed,8,Thursday,Senior (45+),Normal,Medium,Regular
225,2024-11-26,25,Cafe,328.81,13.91,29,Card,4.7,Delivered,11,Tuesday,Young (18-29),Fast,Far,Budget
226,2024-10-04,57,Cafe,311.45,4.56,67,Cash,3.2,Delivered,10,Friday,Senior (45+),Slow,Near,Budget
227,2024-04-16,40,Fast Food,1109.26,3.27,59,Wallet,2.8,Delivered,4,Tuesday,Adult (30-44),Normal,Near,Premium
228,2024-11-06,62,Bakery,271.72,4.52,45,Cash,3.2,Cancelled,11,Wednesday,Senior (45+),Normal,Near,Budget
229,2024-01-24,51,Indian,476.41,10.31,88,Wallet,4.2,Delayed,1,Wednesday,Senior (45+),Slow,Far,Regular
230,2024-02-23,55,Cafe,547.41,14.07,86,UPI,4.2,Delayed,2,Friday,Senior (45+),Slow,Far,Regular
231,2024-03-26,35,Cafe,531.15,13.93,58,Wallet,3.4,Delayed,3,Tuesday,Adult (30-44),Normal,Far,Regular
232,2024-12-06,40,Bakery,870.41,1.85,64,Cash,4.5,Delivered,12,Friday,Adult (30-44),Slow,Near,Premium
233,2024-05-09,18,Fast Food,428.4,14.92,33,Wallet,3.7,Delivered,5,Thursday,Young (18-29),Normal,Far,Budget
234,2024-09-20,48,Fast Food,1073.26,14.35,65,Card,2.6,Cancelled,9,Friday,Senior (45+),Slow,Far,Premium
235,2024-04-13,49,Indian,212.28,14.72,32,UPI,4.0,Delayed,4,Saturday,Senior (45+),Normal,Far,Budget
236,2024-08-09,53,Fast Food,704.5,13.27,30,Cash,3.5,Delayed,8,Friday,Senior (45+),Normal,Far,Regular
237,2024-11-17,23,Chinese,964.51,5.18,53,Wallet,4.3,Delivered,11,Sunday,Young (18-29),Normal,Medium,Premium
238,2024-12-22,30,Indian,383.29,12.02,62,Card,3.4,Cancelled,12,Sunday,Adult (30-44),Slow,Far,Budget
239,2024-05-12,65,Fast Food,404.63,10.35,17,Wallet,2.6,Delivered,5,Sunday,Senior (45+),Fast,Far,Budget
240,2024-04-23,53,Indian,1052.0,13.81,23,UPI,4.9,Delivered,4,Tuesday,Senior (45+),Fast,Far,Premium
241,2024-11-27,52,Bakery,230.68,11.56,41,Cash,4.8,Delayed,11,Wednesday,Senior (45+),Normal,Far,Budget
242,2024-11-27,34,Fast Food,294.66,4.68,27,Wallet,3.1,Delivered,11,Wednesday,Adult (30-44),Fast,Near,Budget
243,2024-04-18,63,Indian,677.97,7.39,42,Card,4.3,Cancelled,4,Thursday,Senior (45+),Normal,Medium,Regular
244,2024-05-22,58,Bakery,340.46,13.75,24,Card,3.2,Delivered,5,Wednesday,Senior (45+),Fast,Far,Budget
245,2024-04-04,65,Italian,321.79,7.14,51,Wallet,3.1,Cancelled,4,Thursday,Senior (45+),Normal,Medium,Budget
246,2024-03-26,49,Italian,1140.15,13.33,50,Cash,3.6,Cancelled,3,Tuesday,Senior (45+),Normal,Far,Premium
247,2024-03-11,24,Indian,331.16,8.77,49,Cash,4.3,Delayed,3,Monday,Young (18-29),Normal,Medium,Budget
248,2024-03-20,33,Cafe,1076.03,8.53,85,UPI,3.5,Cancelled,3,Wednesday,Adult (30-44),Slow,Medium,Premium
249,2024-11-17,58,Chinese,744.81,7.94,20,Wallet,2.6,Delivered,11,Sunday,Senior (45+),Fast,Medium,Regular
250,2024-06-23,56,Bakery,203.47,13.16,28,UPI,4.4,Delivered,6,Sunday,Senior (45+),Fast,Far,Budget
251,2024-03-14,61,Fast Food,842.87,9.28,38,Cash,3.0,Cancelled,3,Thursday,Senior (45+),Normal,Medium,Regular
252,2024-11-10,37,Italian,412.97,11.03,82,Wallet,4.3,Cancelled,11,Sunday,Adult (30-44),Slow,Far,Budget
253,2024-09-29,34,Indian,468.42,10.53,32,Cash,3.4,Delivered,9,Sunday,Adult (30-44),Normal,Far,Regular
254,2024-06-21,25,Cafe,251.28,9.57,39,Wallet,4.7,Cancelled,6,Friday,Young (18-29),Normal,Medium,Budget
255,2024-11-30,24,Bakery,675.53,13.53,62,Wallet,4.1,Delivered,11,Saturday,Young (18-29),Slow,Far,Regular
256,2024-05-29,51,Italian,519.58,1.72,15,Card,4.8,Delayed,5,Wednesday,Senior (45+),Fast,Near,Regular
257,2024-05-20,43,Cafe,752.07,8.45,64,Card,4.3,Delivered,5,Monday,Adult (30-44),Slow,Medium,Regular
258,2024-02-07,25,Fast Food,1186.41,3.24,31,Cash,3.4,Delayed,2,Wednesday,Young (18-29),Normal,Near,Premium
259,2024-12-25,22,Italian,1089.09,6.02,62,Cash,3.3,Delayed,12,Wednesday,Young (18-29),Slow,Medium,Premium
260,2024-03-29,57,Indian,439.57,1.61,48,Card,2.8,Delivered,3,Friday,Senior (45+),Normal,Near,Budget
261,2024-03-21,19,Italian,586.76,1.84,67,UPI,4.9,Delivered,3,Thursday,Young (18-29),Slow,Near,Regular
262,2024-05-20,63,Cafe,925.38,3.47,71,UPI,4.1,Delivered,5,Monday,Senior (45+),Slow,Near,Premium
263,2024-07-25,64,Cafe,550.52,3.05,67,UPI,3.0,Delayed,7,Thursday,Senior (45+),Slow,Near,Regular
264,2024-04-04,57,Italian,667.34,2.29,27,Wallet,4.7,Delivered,4,Thursday,Senior (45+),Fast,Near,Regular
265,2024-04-16,26,Chinese,344.43,0.58,24,Wallet,4.2,Cancelled,4,Tuesday,Young (18-29),Fast,Near,Budget
266,2024-05-31,21,Indian,455.08,11.92,25,Wallet,3.9,Delivered,5,Friday,Young (18-29),Fast,Far,Regular
267,2024-11-10,46,Bakery,1166.15,12.48,45,Wallet,4.5,Cancelled,11,Sunday,Senior (45+),Normal,Far,Premium
268,2024-10-10,39,Chinese,836.33,8.78,19,UPI,4.6,Cancelled,10,Thursday,Adult (30-44),Fast,Medium,Regular
269,2024-11-14,25,Fast Food,433.41,2.15,15,Cash,3.9,Cancelled,11,Thursday,Young (18-29),Fast,Near,Budget
270,2024-06-16,49,Indian,1043.8,10.08,87,Wallet,4.4,Delayed,6,Sunday,Senior (45+),Slow,Far,Premium
271,2024-10-03,19,Italian,677.65,1.22,70,Cash,3.0,Cancelled,10,Thursday,Young (18-29),Slow,Near,Regular
272,2024-01-06,58,Italian,1071.73,6.71,74,Wallet,4.5,Cancelled,1,Saturday,Senior (45+),Slow,Medium,Premium
273,2024-06-22,32,Chinese,790.9,5.42,36,Wallet,4.2,Cancelled,6,Saturday,Adult (30-44),Normal,Medium,Regular
274,2024-12-14,57,Indian,154.76,3.57,75,Wallet,3.1,Delivered,12,Saturday,Senior (45+),Slow,Near,Budget
275,2024-06-02,28,Cafe,362.24,5.41,76,Wallet,3.8,Cancelled,6,Sunday,Young (18-29),Slow,Medium,Budget
276,2024-01-17,51,Bakery,161.8,4.49,64,Card,3.0,Cancelled,1,Wednesday,Senior (45+),Slow,Near,Budget
277,2024-05-26,41,Fast Food,1180.08,11.54,73,Wallet,3.3,Cancelled,5,Sunday,Adult (30-44),Slow,Far,Premium
278,2024-07-18,61,Indian,759.1,12.21,60,Cash,3.9,Delivered,7,Thursday,Senior (45+),Slow,Far,Regular
279,2024-05-19,32,Fast Food,1057.25,10.55,71,UPI,3.4,Delivered,5,Sunday,Adult (30-44),Slow,Far,Premium
280,2024-11-01,63,Italian,541.06,7.84,15,Wallet,4.1,Delayed,11,Friday,Senior (45+),Fast,Medium,Regular
281,2024-06-13,52,Indian,187.5,2.02,57,UPI,2.8,Delivered,6,Thursday,Senior (45+),Normal,Near,Budget
282,2024-11-07,55,Indian,255.32,13.0,42,Cash,5.0,Delayed,11,Thursday,Senior (45+),Normal,Far,Budget
283,2024-08-27,43,Indian,720.68,5.75,58,UPI,3.4,Delivered,8,Tuesday,Adult (30-44),Normal,Medium,Regular
284,2024-05-01,63,Cafe,536.73,3.75,36,Cash,3.0,Delayed,5,Wednesday,Senior (45+),Normal,Near,Regular
285,2024-04-05,23,Italian,828.72,11.29,52,Wallet,3.6,Cancelled,4,Friday,Young (18-29),Normal,Far,Regular
286,2024-11-17,42,Indian,794.99,3.54,80,Card,4.2,Delayed,11,Sunday,Adult (30-44),Slow,Near,Regular
287,2024-09-14,44,Fast Food,740.93,0.95,32,Card,4.2,Cancelled,9,Saturday,Adult (30-44),Normal,Near,Regular
288,2024-07-15,32,Bakery,418.99,1.72,54,Cash,4.2,Delayed,7,Monday,Adult (30-44),Normal,Near,Budget
289,2024-06-24,28,Cafe,919.19,11.53,52,Card,3.7,Delayed,6,Monday,Young (18-29),Normal,Far,Premium
290,2024-02-15,57,Bakery,1033.23,11.04,38,UPI,4.7,Cancelled,2,Thursday,Senior (45+),Normal,Far,Premium
291,2024-05-12,28,Cafe,610.36,7.61,32,UPI,3.0,Cancelled,5,Sunday,Young (18-29),Normal,Medium,Regular
292,2024-07-11,38,Indian,315.72,5.19,83,Wallet,3.5,Delivered,7,Thursday,Adult (30-44),Slow,Medium,Budget
293,2024-08-28,62,Cafe,796.34,10.41,50,Wallet,3.1,Delayed,8,Wednesday,Senior (45+),Normal,Far,Regular
294,2024-08-22,42,Fast Food,701.89,7.46,26,Card,3.7,Delivered,8,Thursday,Adult (30-44),Fast,Medium,Regular
295,2024-11-30,41,Italian,972.46,12.81,45,UPI,4.5,Delayed,11,Saturday,Adult (30-44),Normal,Far,Premium
296,2024-04-21,23,Bakery,1029.92,4.74,48,Cash,5.0,Cancelled,4,Sunday,Young (18-29),Normal,Near,Premium
297,2024-09-29,60,Fast Food,1026.62,3.12,48,Card,4.1,Delayed,9,Sunday,Senior (45+),Normal,Near,Premium
298,2024-10-29,23,Indian,971.66,9.84,87,Wallet,3.7,Delayed,10,Tuesday,Young (18-29),Slow,Medium,Premium
299,2024-12-19,18,Fast Food,939.78,4.78,38,Cash,4.8,Delayed,12,Thursday,Young (18-29),Normal,Near,Premium
300,2024-04-18,42,Italian,209.02,0.64,88,Cash,3.5,Delayed,4,Thursday,Adult (30-44),Slow,Near,Budget
301,2024-03-09,63,Italian,969.33,7.05,76,Wallet,2.7,Cancelled,3,Saturday,Senior (45+),Slow,Medium,Premium
302,2024-07-22,55,Indian,395.7,10.0,57,Cash,4.2,Cancelled,7,Monday,Senior (45+),Normal,Far,Budget
303,2024-02-29,55,Cafe,269.55,14.39,36,UPI,3.5,Delayed,2,Thursday,Senior (45+),Normal,Far,Budget
304,2024-04-15,38,Italian,981.93,8.88,19,Card,3.0,Cancelled,4,Monday,Adult (30-44),Fast,Medium,Premium
305,2024-10-21,56,Bakery,470.29,7.73,53,Card,4.0,Cancelled,10,Monday,Senior (45+),Normal,Medium,Regular
306,2024-12-09,28,Chinese,1033.49,5.24,88,Cash,3.2,Delivered,12,Monday,Young (18-29),Slow,Medium,Premium
307,2024-02-15,25,Cafe,726.52,6.34,55,Wallet,3.8,Cancelled,2,Thursday,Young (18-29),Normal,Medium,Regular
308,2024-02-21,47,Italian,997.41,13.61,57,UPI,2.8,Delayed,2,Wednesday,Senior (45+),Normal,Far,Premium
309,2024-10-17,42,Indian,350.56,5.7,39,UPI,3.2,Delivered,10,Thursday,Adult (30-44),Normal,Medium,Budget
310,2024-04-08,61,Indian,1041.46,2.71,26,Wallet,2.5,Delivered,4,Monday,Senior (45+),Fast,Near,Premium
311,2024-01-08,63,Chinese,361.86,14.43,29,UPI,3.2,Delivered,1,Monday,Senior (45+),Fast,Far,Budget
312,2024-04-25,51,Bakery,882.01,0.73,79,Card,3.3,Delivered,4,Thursday,Senior (45+),Slow,Near,Premium
313,2024-05-30,39,Fast Food,624.41,14.73,71,Wallet,3.9,Cancelled,5,Thursday,Adult (30-44),Slow,Far,Regular
314,2024-12-12,36,Cafe,1167.91,13.94,87,UPI,4.0,Delivered,12,Thursday,Adult (30-44),Slow,Far,Premium
315,2024-10-17,28,Indian,782.69,14.96,35,Cash,4.5,Delivered,10,Thursday,Young (18-29),Normal,Far,Regular
316,2024-04-26,35,Fast Food,325.93,1.05,70,Cash,4.4,Delayed,4,Friday,Adult (30-44),Slow,Near,Budget
317,2024-10-02,30,Bakery,947.45,4.08,38,Card,3.5,Cancelled,10,Wednesday,Adult (30-44),Normal,Near,Premium
318,2024-06-02,37,Fast Food,474.63,0.77,87,Cash,3.4,Delivered,6,Sunday,Adult (30-44),Slow,Near,Regular
319,2024-02-22,61,Italian,696.79,7.38,88,Cash,3.1,Cancelled,2,Thursday,Senior (45+),Slow,Medium,Regular
320,2024-09-10,64,Cafe,730.29,1.88,49,Cash,2.5,Delayed,9,Tuesday,Senior (45+),Normal,Near,Regular
321,2024-01-24,54,Bakery,301.33,12.26,17,Wallet,3.2,Cancelled,1,Wednesday,Senior (45+),Fast,Far,Budget
322,2024-04-14,50,Fast Food,648.68,9.33,90,Wallet,4.7,Delayed,4,Sunday,Senior (45+),Slow,Medium,Regular
323,2024-02-06,39,Fast Food,521.54,6.88,78,UPI,4.6,Delivered,2,Tuesday,Adult (30-44),Slow,Medium,Regular
324,2024-04-11,55,Indian,365.05,13.05,34,UPI,3.5,Cancelled,4,Thursday,Senior (45+),Normal,Far,Budget
325,2024-08-13,29,Chinese,363.12,9.14,45,Card,4.8,Delivered,8,Tuesday,Young (18-29),Normal,Medium,Budget
326,2024-12-28,40,Indian,1007.11,5.47,19,Card,3.1,Cancelled,12,Saturday,Adult (30-44),Fast,Medium,Premium
327,2024-02-07,54,Indian,219.05,3.62,72,Wallet,4.6,Delivered,2,Wednesday,Senior (45+),Slow,Near,Budget
328,2024-10-01,24,Fast Food,320.51,1.28,33,Card,4.9,Delayed,10,Tuesday,Young (18-29),Normal,Near,Budget
329,2024-02-10,19,Bakery,569.28,3.69,20,Card,3.6,Cancelled,2,Saturday,Young (18-29),Fast,Near,Regular
330,2024-12-04,56,Bakery,1114.83,2.82,79,Card,4.8,Delayed,12,Wednesday,Senior (45+),Slow,Near,Premium
331,2024-06-05,49,Italian,766.46,7.37,19,UPI,4.2,Delayed,6,Wednesday,Senior (45+),Fast,Medium,Regular
332,2024-07-11,64,Chinese,514.27,10.33,56,UPI,3.1,Delivered,7,Thursday,Senior (45+),Normal,Far,Regular
333,2024-08-30,27,Bakery,791.73,4.85,50,Cash,3.6,Cancelled,8,Friday,Young (18-29),Normal,Near,Regular
334,2024-06-26,44,Chinese,269.71,8.62,85,Cash,4.6,Delayed,6,Wednesday,Adult (30-44),Slow,Medium,Budget
335,2024-05-06,61,Chinese,948.16,4.83,64,Cash,3.7,Delivered,5,Monday,Senior (45+),Slow,Near,Premium
336,2024-04-30,29,Italian,1152.86,8.39,41,Card,4.3,Delivered,4,Tuesday,Young (18-29),Normal,Medium,Premium
337,2024-06-15,28,Indian,159.32,4.79,90,Card,4.3,Cancelled,6,Saturday,Young (18-29),Slow,Near,Budget
338,2024-05-16,46,Bakery,774.45,5.27,29,Card,4.9,Delivered,5,Thursday,Senior (45+),Fast,Medium,Regular
339,2024-07-13,25,Italian,1139.77,5.27,54,Cash,4.1,Delivered,7,Saturday,Young (18-29),Normal,Medium,Premium
340,2024-01-22,65,Fast Food,332.43,1.89,59,UPI,4.7,Delivered,1,Monday,Senior (45+),Normal,Near,Budget
341,2024-07-22,46,Italian,238.65,1.63,41,UPI,3.5,Delivered,7,Monday,Senior (45+),Normal,Near,Budget
342,2024-03-18,24,Chinese,450.29,9.25,82,UPI,4.7,Delayed,3,Monday,Young (18-29),Slow,Medium,Regular
343,2024-01-11,56,Fast Food,489.4,1.57,48,UPI,2.8,Cancelled,1,Thursday,Senior (45+),Normal,Near,Regular
344,2024-07-19,44,Fast Food,777.81,14.96,41,Cash,3.7,Cancelled,7,Friday,Adult (30-44),Normal,Far,Regular
345,2024-06-18,55,Bakery,1051.74,5.51,82,Wallet,2.8,Delivered,6,Tuesday,Senior (45+),Slow,Medium,Premium
346,2024-07-20,59,Chinese,848.21,1.56,89,Card,3.7,Delivered,7,Saturday,Senior (45+),Slow,Near,Regular
347,2024-10-16,24,Italian,444.42,11.95,69,Wallet,3.3,Cancelled,10,Wednesday,Young (18-29),Slow,Far,Budget
348,2024-02-21,58,Fast Food,597.4,8.94,81,Wallet,3.1,Delivered,2,Wednesday,Senior (45+),Slow,Medium,Regular
349,2024-07-05,56,Indian,739.95,13.04,42,Cash,2.7,Delivered,7,Friday,Senior (45+),Normal,Far,Regular
350,2024-09-29,44,Indian,561.98,2.15,25,Cash,4.2,Delivered,9,Sunday,Adult (30-44),Fast,Near,Regular
351,2024-09-10,51,Indian,1014.32,1.08,24,Card,4.6,Cancelled,9,Tuesday,Senior (45+),Fast,Near,Premium
352,2024-06-01,35,Bakery,1104.96,14.58,78,Card,3.0,Cancelled,6,Saturday,Adult (30-44),Slow,Far,Premium
353,2024-07-25,62,Indian,1007.64,13.82,72,Card,3.6,Delivered,7,Thursday,Senior (45+),Slow,Far,Premium
354,2024-04-18,65,Fast Food,576.26,8.65,61,UPI,3.9,Delayed,4,Thursday,Senior (45+),Slow,Medium,Regular
355,2024-06-16,29,Cafe,704.81,10.58,44,Cash,3.5,Delayed,6,Sunday,Young (18-29),Normal,Far,Regular
356,2024-06-11,18,Bakery,908.21,3.96,32,Card,3.0,Delivered,6,Tuesday,Young (18-29),Normal,Near,Premium
357,2024-03-14,58,Cafe,567.46,1.96,49,Cash,3.6,Delivered,3,Thursday,Senior (45+),Normal,Near,Regular
358,2024-08-31,31,Chinese,1035.05,1.65,66,Cash,2.7,Delivered,8,Saturday,Adult (30-44),Slow,Near,Premium
359,2024-12-29,54,Chinese,1087.98,5.0,75,Card,4.7,Cancelled,12,Sunday,Senior (45+),Slow,Medium,Premium
360,2024-10-29,43,Cafe,200.0,1.7,40,Wallet,4.4,Cancelled,10,Tuesday,Adult (30-44),Normal,Near,Budget
361,2024-02-28,33,Fast Food,1042.18,2.22,79,Wallet,4.7,Delayed,2,Wednesday,Adult (30-44),Slow,Near,Premium
362,2024-03-17,58,Bakery,346.25,2.09,24,UPI,3.9,Delayed,3,Sunday,Senior (45+),Fast,Near,Budget
363,2024-02-27,22,Fast Food,1100.92,3.24,23,Wallet,3.0,Cancelled,2,Tuesday,Young (18-29),Fast,Near,Premium
364,2024-02-12,18,Chinese,791.59,8.57,70,Wallet,3.9,Cancelled,2,Monday,Young (18-29),Slow,Medium,Regular
365,2024-04-02,37,Fast Food,189.66,13.7,30,Card,3.8,Delayed,4,Tuesday,Adult (30-44),Normal,Far,Budget
366,2024-09-12,51,Cafe,1141.92,11.8,23,Cash,3.1,Delayed,9,Thursday,Senior (45+),Fast,Far,Premium
367,2024-10-25,41,Italian,552.56,6.65,42,Card,3.1,Cancelled,10,Friday,Adult (30-44),Normal,Medium,Regular
368,2024-03-13,31,Bakery,152.67,5.21,27,Wallet,5.0,Delivered,3,Wednesday,Adult (30-44),Fast,Medium,Budget
369,2024-06-18,23,Indian,825.56,6.36,70,Wallet,4.1,Delivered,6,Tuesday,Young (18-29),Slow,Medium,Regular
370,2024-05-28,60,Indian,379.93,4.05,44,Card,4.7,Delivered,5,Tuesday,Senior (45+),Normal,Near,Budget
371,2024-06-08,59,Fast Food,773.43,14.19,40,Cash,4.1,Delayed,6,Saturday,Senior (45+),Normal,Far,Regular
372,2024-09-08,65,Indian,740.75,2.05,37,Wallet,2.5,Cancelled,9,Sunday,Senior (45+),Normal,Near,Regular
373,2024-03-05,57,Italian,1142.61,1.43,51,Cash,4.1,Cancelled,3,Tuesday,Senior (45+),Normal,Near,Premium
374,2024-06-16,36,Indian,290.15,5.73,55,Wallet,4.2,Delayed,6,Sunday,Adult (30-44),Normal,Medium,Budget
375,2024-05-23,28,Cafe,303.62,12.61,17,UPI,4.6,Delayed,5,Thursday,Young (18-29),Fast,Far,Budget
376,2024-08-19,64,Cafe,1061.82,12.14,55,Card,4.7,Delivered,8,Monday,Senior (45+),Normal,Far,Premium
377,2024-10-23,19,Fast Food,499.04,8.55,21,Card,3.4,Delayed,10,Wednesday,Young (18-29),Fast,Medium,Regular
378,2024-07-14,30,Cafe,210.87,7.89,78,Wallet,2.5,Delayed,7,Sunday,Adult (30-44),Slow,Medium,Budget
379,2024-11-23,60,Fast Food,1047.44,5.35,67,UPI,3.9,Delivered,11,Saturday,Senior (45+),Slow,Medium,Premium
380,2024-10-14,51,Italian,765.17,8.74,36,Card,2.7,Delivered,10,Monday,Senior (45+),Normal,Medium,Regular
381,2024-04-13,21,Italian,918.55,11.49,41,Wallet,2.8,Delivered,4,Saturday,Young (18-29),Normal,Far,Premium
382,2024-06-03,26,Bakery,183.39,10.41,66,Wallet,2.6,Delayed,6,Monday,Young (18-29),Slow,Far,Budget
383,2024-04-09,20,Indian,306.28,7.66,74,Wallet,3.3,Delayed,4,Tuesday,Young (18-29),Slow,Medium,Budget
384,2024-11-26,30,Chinese,400.9,7.98,48,Wallet,4.1,Delayed,11,Tuesday,Adult (30-44),Normal,Medium,Budget
385,2024-04-03,48,Bakery,295.4,12.15,43,Card,3.4,Delayed,4,Wednesday,Senior (45+),Normal,Far,Budget
386,2024-12-17,33,Bakery,1054.44,6.63,18,Cash,3.8,Cancelled,12,Tuesday,Adult (30-44),Fast,Medium,Premium
387,2024-06-09,52,Chinese,1153.5,2.66,36,UPI,4.6,Delayed,6,Sunday,Senior (45+),Normal,Near,Premium
388,2024-07-30,23,Cafe,1169.87,13.93,50,Wallet,4.2,Delivered,7,Tuesday,Young (18-29),Normal,Far,Premium
389,2024-06-16,64,Chinese,264.87,12.85,86,Wallet,3.4,Cancelled,6,Sunday,Senior (45+),Slow,Far,Budget
390,2024-11-27,57,Bakery,629.86,0.74,22,UPI,3.0,Delayed,11,Wednesday,Senior (45+),Fast,Near,Regular
391,2024-09-30,34,Indian,380.0,12.39,34,Cash,2.6,Delivered,9,Monday,Adult (30-44),Normal,Far,Budget
392,2024-12-08,26,Chinese,477.49,14.03,73,Wallet,5.0,Delivered,12,Sunday,Young (18-29),Slow,Far,Regular
393,2024-01-15,48,Cafe,555.08,8.35,18,Wallet,3.2,Delayed,1,Monday,Senior (45+),Fast,Medium,Regular
394,2024-08-27,21,Bakery,1181.07,5.76,85,UPI,4.1,Delayed,8,Tuesday,Young (18-29),Slow,Medium,Premium
395,2024-12-07,18,Cafe,965.75,1.93,38,Card,4.7,Delayed,12,Saturday,Young (18-29),Normal,Near,Premium
396,2024-11-09,22,Bakery,556.83,3.52,88,UPI,3.8,Delayed,11,Saturday,Young (18-29),Slow,Near,Regular
397,2024-02-21,62,Bakery,323.34,4.04,60,Wallet,4.9,Cancelled,2,Wednesday,Senior (45+),Slow,Near,Budget
398,2024-02-22,63,Bakery,903.19,10.77,53,Cash,4.5,Delivered,2,Thursday,Senior (45+),Normal,Far,Premium
399,2024-01-12,49,Italian,286.89,9.85,16,Card,3.5,Cancelled,1,Friday,Senior (45+),Fast,Medium,Budget
400,2024-02-27,36,Chinese,1092.96,4.15,17,Wallet,4.6,Delayed,2,Tuesday,Adult (30-44),Fast,Near,Premium
401,2024-06-02,20,Italian,932.63,10.66,86,Cash,3.8,Delivered,6,Sunday,Young (18-29),Slow,Far,Premium
402,2024-04-22,36,Cafe,179.54,2.74,49,Cash,2.9,Delayed,4,Monday,Adult (30-44),Normal,Near,Budget
403,2024-07-14,45,Chinese,1079.88,3.17,19,Wallet,4.9,Cancelled,7,Sunday,Senior (45+),Fast,Near,Premium
404,2024-04-16,38,Indian,193.86,1.75,58,Cash,3.7,Cancelled,4,Tuesday,Adult (30-44),Normal,Near,Budget
405,2024-10-30,29,Bakery,303.82,8.43,81,Wallet,3.4,Cancelled,10,Wednesday,Young (18-29),Slow,Medium,Budget
406,2024-12-09,50,Cafe,1094.51,5.94,89,UPI,4.0,Delayed,12,Monday,Senior (45+),Slow,Medium,Premium
407,2024-11-24,44,Indian,825.16,10.38,25,UPI,4.1,Delivered,11,Sunday,Adult (30-44),Fast,Far,Regular
408,2024-06-18,40,Chinese,588.74,8.52,45,Card,4.8,Cancelled,6,Tuesday,Adult (30-44),Normal,Medium,Regular
409,2024-06-08,61,Indian,621.0,7.79,47,UPI,4.6,Delayed,6,Saturday,Senior (45+),Normal,Medium,Regular
410,2024-07-09,64,Cafe,401.64,8.86,33,Cash,5.0,Delivered,7,Tuesday,Senior (45+),Normal,Medium,Budget
411,2024-06-10,40,Indian,730.83,11.95,72,Card,3.6,Delivered,6,Monday,Adult (30-44),Slow,Far,Regular
412,2024-12-03,36,Indian,545.83,10.55,35,Cash,4.6,Delivered,12,Tuesday,Adult (30-44),Normal,Far,Regular
413,2024-09-29,39,Fast Food,261.99,2.09,43,Wallet,4.6,Delayed,9,Sunday,Adult (30-44),Normal,Near,Budget
414,2024-07-12,54,Bakery,533.9,4.9,53,Cash,3.2,Delivered,7,Friday,Senior (45+),Normal,Near,Regular
415,2024-12-23,61,Bakery,628.37,6.11,62,UPI,3.3,Delayed,12,Monday,Senior (45+),Slow,Medium,Regular
416,2024-08-13,60,Italian,644.47,1.81,51,Cash,2.7,Delivered,8,Tuesday,Senior (45+),Normal,Near,Regular
417,2024-06-30,19,Cafe,895.01,5.2,52,Cash,4.1,Delivered,6,Sunday,Young (18-29),Normal,Medium,Premium
418,2024-07-01,60,Fast Food,987.66,7.26,45,Wallet,5.0,Delivered,7,Monday,Senior (45+),Normal,Medium,Premium
419,2024-03-21,41,Indian,455.89,14.16,44,Cash,4.8,Delivered,3,Thursday,Adult (30-44),Normal,Far,Regular
420,2024-06-03,51,Indian,1030.95,9.57,31,Cash,2.7,Delivered,6,Monday,Senior (45+),Normal,Medium,Premium
421,2024-08-09,48,Bakery,1030.81,5.37,36,Card,4.7,Cancelled,8,Friday,Senior (45+),Normal,Medium,Premium
422,2024-08-31,30,Italian,193.77,8.97,42,UPI,4.2,Cancelled,8,Saturday,Adult (30-44),Normal,Medium,Budget
423,2024-11-27,61,Chinese,593.57,3.55,47,Card,5.0,Delivered,11,Wednesday,Senior (45+),Normal,Near,Regular
424,2024-03-16,44,Indian,486.67,8.73,64,Cash,3.9,Delivered,3,Saturday,Adult (30-44),Slow,Medium,Regular
425,2024-04-08,20,Bakery,604.62,8.66,86,Wallet,5.0,Delivered,4,Monday,Young (18-29),Slow,Medium,Regular
426,2024-02-14,55,Bakery,439.39,12.87,60,Card,3.4,Cancelled,2,Wednesday,Senior (45+),Slow,Far,Budget
427,2024-01-06,23,Bakery,173.37,11.43,88,Card,3.9,Cancelled,1,Saturday,Young (18-29),Slow,Far,Budget
428,2024-09-10,59,Italian,266.66,8.05,20,UPI,2.6,Delayed,9,Tuesday,Senior (45+),Fast,Medium,Budget
429,2024-02-16,26,Bakery,531.25,3.42,69,UPI,2.7,Delivered,2,Friday,Young (18-29),Slow,Near,Regular
430,2024-10-20,41,Italian,296.73,2.74,40,Wallet,2.6,Cancelled,10,Sunday,Adult (30-44),Normal,Near,Budget
431,2024-07-06,38,Fast Food,233.93,3.81,72,Card,4.3,Delivered,7,Saturday,Adult (30-44),Slow,Near,Budget
432,2024-01-25,64,Italian,488.89,7.55,42,Wallet,4.0,Delivered,1,Thursday,Senior (45+),Normal,Medium,Regular
433,2024-06-14,33,Italian,1131.55,9.11,86,Card,3.8,Delayed,6,Friday,Adult (30-44),Slow,Medium,Premium
434,2024-08-23,63,Fast Food,162.49,6.14,47,UPI,3.0,Delayed,8,Friday,Senior (45+),Normal,Medium,Budget
435,2024-07-29,58,Bakery,1014.28,6.41,59,Wallet,4.4,Delivered,7,Monday,Senior (45+),Normal,Medium,Premium
436,2024-02-13,40,Fast Food,1180.39,3.99,53,Cash,4.8,Cancelled,2,Tuesday,Adult (30-44),Normal,Near,Premium
437,2024-02-16,51,Chinese,639.96,13.64,51,Wallet,3.9,Delayed,2,Friday,Senior (45+),Normal,Far,Regular
438,2024-10-01,18,Bakery,1010.07,2.16,43,Cash,3.3,Delayed,10,Tuesday,Young (18-29),Normal,Near,Premium
439,2024-01-14,48,Indian,1117.87,10.5,72,Card,4.1,Delivered,1,Sunday,Senior (45+),Slow,Far,Premium
440,2024-05-17,18,Bakery,320.09,10.94,62,UPI,4.5,Delivered,5,Friday,Young (18-29),Slow,Far,Budget
441,2024-11-16,21,Indian,226.31,7.49,43,Wallet,3.1,Delivered,11,Saturday,Young (18-29),Normal,Medium,Budget
442,2024-02-01,38,Italian,1185.89,0.91,36,Wallet,4.7,Delivered,2,Thursday,Adult (30-44),Normal,Near,Premium
443,2024-09-26,56,Bakery,938.98,11.95,25,Wallet,2.7,Cancelled,9,Thursday,Senior (45+),Fast,Far,Premium
444,2024-06-22,30,Bakery,984.23,11.33,34,Cash,4.7,Cancelled,6,Saturday,Adult (30-44),Normal,Far,Premium
445,2024-08-18,22,Fast Food,221.98,6.53,16,Card,2.6,Cancelled,8,Sunday,Young (18-29),Fast,Medium,Budget
446,2024-09-07,55,Indian,188.6,4.95,50,Wallet,3.1,Delayed,9,Saturday,Senior (45+),Normal,Near,Budget
447,2024-10-16,37,Chinese,534.03,14.08,59,Cash,2.8,Delivered,10,Wednesday,Adult (30-44),Normal,Far,Regular
448,2024-01-21,48,Chinese,543.43,11.59,21,Wallet,4.1,Delivered,1,Sunday,Senior (45+),Fast,Far,Regular
449,2024-12-11,27,Cafe,875.0,6.53,55,Wallet,3.3,Delayed,12,Wednesday,Young (18-29),Normal,Medium,Premium
450,2024-04-18,21,Chinese,538.04,1.7,36,UPI,4.6,Delivered,4,Thursday,Young (18-29),Normal,Near,Regular
451,2024-05-30,29,Indian,321.55,0.9,74,UPI,3.9,Delayed,5,Thursday,Young (18-29),Slow,Near,Budget
452,2024-11-26,20,Cafe,632.98,6.33,17,Cash,3.5,Delivered,11,Tuesday,Young (18-29),Fast,Medium,Regular
453,2024-04-09,64,Cafe,1149.61,3.64,82,Card,3.5,Cancelled,4,Tuesday,Senior (45+),Slow,Near,Premium
454,2024-08-29,30,Italian,558.06,5.85,70,Card,2.6,Delayed,8,Thursday,Adult (30-44),Slow,Medium,Regular
455,2024-11-01,61,Bakery,392.88,6.45,72,Cash,3.0,Delivered,11,Friday,Senior (45+),Slow,Medium,Budget
456,2024-03-20,44,Bakery,1079.4,5.15,32,UPI,5.0,Cancelled,3,Wednesday,Adult (30-44),Normal,Medium,Premium
457,2024-10-08,52,Chinese,427.24,8.23,66,Wallet,3.1,Delivered,10,Tuesday,Senior (45+),Slow,Medium,Budget
458,2024-06-16,40,Fast Food,1122.34,6.08,24,UPI,3.0,Delivered,6,Sunday,Adult (30-44),Fast,Medium,Premium
459,2024-05-10,34,Chinese,623.97,3.01,41,Card,4.2,Delayed,5,Friday,Adult (30-44),Normal,Near,Regular
460,2024-07-16,61,Indian,577.36,12.03,30,Card,3.1,Delivered,7,Tuesday,Senior (45+),Normal,Far,Regular
461,2024-03-08,24,Fast Food,898.45,8.48,48,Card,4.4,Delivered,3,Friday,Young (18-29),Normal,Medium,Premium
462,2024-10-11,41,Cafe,879.19,2.24,82,Card,3.0,Delivered,10,Friday,Adult (30-44),Slow,Near,Premium
463,2024-07-22,50,Bakery,1048.48,7.16,57,Card,3.3,Cancelled,7,Monday,Senior (45+),Normal,Medium,Premium
464,2024-09-16,45,Indian,1069.5,1.51,72,UPI,3.2,Cancelled,9,Monday,Senior (45+),Slow,Near,Premium
465,2024-05-28,44,Indian,1039.58,5.21,64,UPI,4.4,Cancelled,5,Tuesday,Adult (30-44),Slow,Medium,Premium
466,2024-01-13,40,Cafe,397.01,10.29,47,Cash,3.3,Delivered,1,Saturday,Adult (30-44),Normal,Far,Budget
467,2024-09-28,22,Cafe,942.97,7.97,84,Cash,4.0,Delivered,9,Saturday,Young (18-29),Slow,Medium,Premium
468,2024-10-24,23,Cafe,187.46,13.8,57,Wallet,3.9,Delayed,10,Thursday,Young (18-29),Normal,Far,Budget
469,2024-06-30,54,Bakery,275.86,3.54,62,UPI,2.6,Delivered,6,Sunday,Senior (45+),Slow,Near,Budget
470,2024-06-27,55,Cafe,699.02,3.16,57,UPI,3.8,Cancelled,6,Thursday,Senior (45+),Normal,Near,Regular
471,2024-07-17,20,Cafe,226.02,10.85,21,Cash,2.6,Cancelled,7,Wednesday,Young (18-29),Fast,Far,Budget
472,2024-04-03,33,Indian,225.19,12.67,58,Cash,4.0,Cancelled,4,Wednesday,Adult (30-44),Normal,Far,Budget
473,2024-01-06,33,Chinese,318.48,1.16,79,Wallet,4.7,Cancelled,1,Saturday,Adult (30-44),Slow,Near,Budget
474,2024-08-23,59,Cafe,494.62,1.99,26,Cash,2.7,Delayed,8,Friday,Senior (45+),Fast,Near,Regular
475,2024-09-26,31,Cafe,743.35,7.73,81,Card,3.9,Delivered,9,Thursday,Adult (30-44),Slow,Medium,Regular
476,2024-06-28,38,Cafe,531.47,14.39,49,Card,3.4,Delivered,6,Friday,Adult (30-44),Normal,Far,Regular
477,2024-09-23,44,Chinese,263.2,11.09,65,Cash,2.5,Delayed,9,Monday,Adult (30-44),Slow,Far,Budget
478,2024-09-12,34,Fast Food,947.92,14.09,73,Wallet,2.6,Delivered,9,Thursday,Adult (30-44),Slow,Far,Premium
479,2024-05-20,40,Chinese,1054.39,3.47,40,UPI,3.2,Delayed,5,Monday,Adult (30-44),Normal,Near,Premium
480,2024-02-28,27,Indian,443.98,14.09,22,Cash,3.8,Delayed,2,Wednesday,Young (18-29),Fast,Far,Budget
481,2024-05-21,62,Bakery,556.44,14.06,52,Card,4.6,Delayed,5,Tuesday,Senior (45+),Normal,Far,Regular
482,2024-12-16,20,Italian,658.85,1.96,23,Card,4.2,Cancelled,12,Monday,Young (18-29),Fast,Near,Regular
483,2024-05-17,53,Italian,354.88,8.53,28,UPI,4.4,Cancelled,5,Friday,Senior (45+),Fast,Medium,Budget
484,2024-10-24,24,Chinese,848.45,3.92,85,Wallet,2.6,Delayed,10,Thursday,Young (18-29),Slow,Near,Regular
485,2024-06-26,44,Indian,1031.65,7.18,78,UPI,3.5,Cancelled,6,Wednesday,Adult (30-44),Slow,Medium,Premium
486,2024-04-03,18,Indian,549.78,3.48,62,Card,3.6,Delayed,4,Wednesday,Young (18-29),Slow,Near,Regular
487,2024-04-05,33,Cafe,341.26,8.93,83,Cash,4.2,Delayed,4,Friday,Adult (30-44),Slow,Medium,Budget
488,2024-12-25,49,Cafe,411.82,12.27,21,UPI,3.0,Delivered,12,Wednesday,Senior (45+),Fast,Far,Budget
489,2024-08-26,46,Cafe,868.16,6.38,42,Cash,3.4,Cancelled,8,Monday,Senior (45+),Normal,Medium,Premium
490,2024-10-26,56,Chinese,345.29,5.83,37,Card,2.6,Delayed,10,Saturday,Senior (45+),Normal,Medium,Budget
491,2024-05-19,57,Fast Food,797.02,6.43,86,Wallet,2.8,Delivered,5,Sunday,Senior (45+),Slow,Medium,Regular
492,2024-06-27,27,Chinese,854.8,6.04,89,Cash,2.8,Delivered,6,Thursday,Young (18-29),Slow,Medium,Premium
493,2024-10-12,56,Bakery,674.23,9.73,80,UPI,4.2,Delivered,10,Saturday,Senior (45+),Slow,Medium,Regular
494,2024-07-05,56,Chinese,273.53,7.84,51,UPI,2.9,Delivered,7,Friday,Senior (45+),Normal,Medium,Budget
495,2024-01-10,37,Indian,262.19,7.18,63,Card,4.3,Delayed,1,Wednesday,Adult (30-44),Slow,Medium,Budget
496,2024-12-07,27,Fast Food,348.99,12.0,36,UPI,3.6,Cancelled,12,Saturday,Young (18-29),Normal,Far,Budget
497,2024-06-06,63,Italian,643.3,13.14,39,Cash,4.2,Delivered,6,Thursday,Senior (45+),Normal,Far,Regular
498,2024-09-11,59,Fast Food,933.59,14.99,30,Card,4.1,Delivered,9,Wednesday,Senior (45+),Normal,Far,Premium
499,2024-12-18,25,Cafe,707.88,6.38,72,Wallet,2.5,Delivered,12,Wednesday,Young (18-29),Slow,Medium,Regular
500,2024-10-01,41,Bakery,982.94,9.41,63,Wallet,4.6,Delayed,10,Tuesday,Adult (30-44),Slow,Medium,Premium
501,2024-12-22,63,Fast Food,1004.82,7.47,62,Wallet,4.5,Delivered,12,Sunday,Senior (45+),Slow,Medium,Premium
502,2024-01-22,56,Fast Food,822.27,10.19,67,Card,3.2,Delivered,1,Monday,Senior (45+),Slow,Far,Regular
503,2024-04-01,28,Bakery,737.54,0.71,74,Card,4.6,Delayed,4,Monday,Young (18-29),Slow,Near,Regular
504,2024-08-24,25,Fast Food,632.86,7.77,87,Wallet,4.9,Delivered,8,Saturday,Young (18-29),Slow,Medium,Regular
505,2024-10-23,49,Cafe,1045.7,14.39,69,Wallet,2.6,Delivered,10,Wednesday,Senior (45+),Slow,Far,Premium
506,2024-03-05,37,Bakery,755.87,14.47,62,Cash,4.5,Delivered,3,Tuesday,Adult (30-44),Slow,Far,Regular
507,2024-08-06,27,Italian,468.77,6.28,86,Wallet,3.5,Delivered,8,Tuesday,Young (18-29),Slow,Medium,Regular
508,2024-05-17,49,Fast Food,664.71,14.79,65,UPI,3.2,Delayed,5,Friday,Senior (45+),Slow,Far,Regular
509,2024-11-13,63,Chinese,580.24,5.73,69,Card,3.7,Cancelled,11,Wednesday,Senior (45+),Slow,Medium,Regular
510,2024-07-22,51,Italian,1005.11,14.11,25,Card,4.9,Delivered,7,Monday,Senior (45+),Fast,Far,Premium
511,2024-02-15,44,Indian,565.08,11.27,86,Card,4.6,Delayed,2,Thursday,Adult (30-44),Slow,Far,Regular
512,2024-07-04,61,Italian,477.98,9.8,38,Card,2.6,Delivered,7,Thursday,Senior (45+),Normal,Medium,Regular
513,2024-01-12,55,Italian,228.56,13.32,30,Card,4.8,Cancelled,1,Friday,Senior (45+),Normal,Far,Budget
514,2024-12-14,42,Italian,448.49,6.86,50,UPI,3.7,Delayed,12,Saturday,Adult (30-44),Normal,Medium,Budget
515,2024-07-22,40,Chinese,843.69,7.34,65,UPI,3.4,Delayed,7,Monday,Adult (30-44),Slow,Medium,Regular
516,2024-10-24,21,Chinese,1150.64,2.46,78,UPI,4.8,Delayed,10,Thursday,Young (18-29),Slow,Near,Premium
517,2024-04-07,53,Italian,473.79,13.75,62,Cash,3.7,Delayed,4,Sunday,Senior (45+),Slow,Far,Regular
518,2024-10-27,35,Chinese,1016.14,6.98,45,Card,5.0,Delivered,10,Sunday,Adult (30-44),Normal,Medium,Premium
519,2024-07-23,40,Cafe,365.02,9.69,80,Wallet,3.2,Delayed,7,Tuesday,Adult (30-44),Slow,Medium,Budget
520,2024-06-04,59,Chinese,401.86,10.25,27,Cash,4.1,Cancelled,6,Tuesday,Senior (45+),Fast,Far,Budget
521,2024-07-31,44,Bakery,498.55,9.6,28,Wallet,4.8,Delayed,7,Wednesday,Adult (30-44),Fast,Medium,Regular
522,2024-07-25,63,Bakery,347.51,14.96,38,Cash,2.5,Cancelled,7,Thursday,Senior (45+),Normal,Far,Budget
523,2024-11-02,20,Chinese,245.32,0.79,22,Card,5.0,Cancelled,11,Saturday,Young (18-29),Fast,Near,Budget
524,2024-11-07,60,Indian,982.19,7.11,24,Card,2.6,Delivered,11,Thursday,Senior (45+),Fast,Medium,Premium
525,2024-06-17,59,Cafe,1074.12,8.21,53,Cash,4.9,Delayed,6,Monday,Senior (45+),Normal,Medium,Premium
526,2024-02-07,40,Cafe,1142.5,8.28,69,Card,4.4,Delivered,2,Wednesday,Adult (30-44),Slow,Medium,Premium
527,2024-01-16,39,Cafe,182.52,13.3,28,UPI,4.8,Delivered,1,Tuesday,Adult (30-44),Fast,Far,Budget
528,2024-06-09,56,Cafe,229.19,3.05,54,Card,4.8,Delivered,6,Sunday,Senior (45+),Normal,Near,Budget
529,2024-06-20,26,Cafe,179.32,2.84,61,UPI,2.5,Delayed,6,Thursday,Young (18-29),Slow,Near,Budget
530,2024-08-24,27,Fast Food,1168.56,2.06,63,Card,3.1,Delayed,8,Saturday,Young (18-29),Slow,Near,Premium
531,2024-11-10,44,Italian,309.39,2.85,46,Cash,2.9,Delayed,11,Sunday,Adult (30-44),Normal,Near,Budget
532,2024-07-11,50,Italian,1066.11,11.41,68,UPI,3.8,Delivered,7,Thursday,Senior (45+),Slow,Far,Premium
533,2024-11-01,30,Chinese,621.15,6.62,61,Card,4.2,Delayed,11,Friday,Adult (30-44),Slow,Medium,Regular
534,2024-01-25,33,Indian,947.71,11.3,53,Wallet,3.4,Delivered,1,Thursday,Adult (30-44),Normal,Far,Premium
535,2024-11-25,26,Bakery,322.72,6.28,65,Wallet,4.3,Delivered,11,Monday,Young (18-29),Slow,Medium,Budget
536,2024-08-20,18,Bakery,1020.42,9.95,84,Card,3.9,Delivered,8,Tuesday,Young (18-29),Slow,Medium,Premium
537,2024-05-23,25,Fast Food,184.24,7.34,84,Cash,4.6,Delayed,5,Thursday,Young (18-29),Slow,Medium,Budget
538,2024-02-16,65,Chinese,595.58,1.15,69,Card,2.5,Cancelled,2,Friday,Senior (45+),Slow,Near,Regular
539,2024-09-27,54,Fast Food,1069.84,0.51,31,Card,4.4,Delayed,9,Friday,Senior (45+),Normal,Near,Premium
540,2024-09-10,51,Fast Food,469.56,1.2,28,UPI,4.9,Cancelled,9,Tuesday,Senior (45+),Fast,Near,Regular
541,2024-11-14,65,Cafe,352.73,6.59,75,Wallet,3.4,Delayed,11,Thursday,Senior (45+),Slow,Medium,Budget
542,2024-02-22,31,Chinese,1044.0,8.66,41,UPI,4.2,Delayed,2,Thursday,Adult (30-44),Normal,Medium,Premium
543,2024-12-27,27,Fast Food,344.33,14.53,25,Card,4.4,Delayed,12,Friday,Young (18-29),Fast,Far,Budget
544,2024-06-26,22,Italian,982.47,7.58,61,Cash,3.4,Delayed,6,Wednesday,Young (18-29),Slow,Medium,Premium
545,2024-04-26,41,Cafe,269.41,6.56,40,Card,3.7,Delivered,4,Friday,Adult (30-44),Normal,Medium,Budget
546,2024-06-21,46,Cafe,999.54,2.61,69,Cash,4.7,Cancelled,6,Friday,Senior (45+),Slow,Near,Premium
547,2024-09-06,25,Fast Food,410.67,3.14,57,Cash,3.3,Cancelled,9,Friday,Young (18-29),Normal,Near,Budget
548,2024-08-03,37,Indian,1100.25,2.22,61,Cash,4.2,Delivered,8,Saturday,Adult (30-44),Slow,Near,Premium
549,2024-12-27,65,Italian,780.33,2.84,15,Card,4.7,Delivered,12,Friday,Senior (45+),Fast,Near,Regular
550,2024-03-21,45,Fast Food,334.52,6.23,76,Card,4.8,Delayed,3,Thursday,Senior (45+),Slow,Medium,Budget
551,2024-10-02,38,Bakery,385.48,8.36,76,Cash,4.6,Delivered,10,Wednesday,Adult (30-44),Slow,Medium,Budget
552,2024-08-29,59,Indian,967.38,1.73,15,UPI,4.3,Cancelled,8,Thursday,Senior (45+),Fast,Near,Premium
553,2024-05-29,53,Italian,770.01,14.03,76,UPI,3.9,Cancelled,5,Wednesday,Senior (45+),Slow,Far,Regular
554,2024-11-08,22,Italian,324.5,10.59,22,UPI,2.9,Delayed,11,Friday,Young (18-29),Fast,Far,Budget
555,2024-08-10,40,Italian,581.46,7.56,48,UPI,3.9,Delayed,8,Saturday,Adult (30-44),Normal,Medium,Regular
556,2024-09-11,48,Chinese,796.41,12.93,90,Card,4.7,Delivered,9,Wednesday,Senior (45+),Slow,Far,Regular
557,2024-06-12,50,Chinese,1051.18,14.34,32,UPI,3.0,Delivered,6,Wednesday,Senior (45+),Normal,Far,Premium
558,2024-08-08,24,Indian,205.96,3.52,37,Cash,4.1,Delayed,8,Thursday,Young (18-29),Normal,Near,Budget
559,2024-03-01,27,Fast Food,957.55,7.61,90,Cash,4.3,Cancelled,3,Friday,Young (18-29),Slow,Medium,Premium
560,2024-09-15,19,Bakery,934.41,12.44,34,Wallet,4.4,Cancelled,9,Sunday,Young (18-29),Normal,Far,Premium
561,2024-12-25,41,Cafe,393.73,4.96,29,UPI,4.1,Delivered,12,Wednesday,Adult (30-44),Fast,Near,Budget
562,2024-04-21,35,Chinese,1061.37,4.13,78,Wallet,3.2,Delivered,4,Sunday,Adult (30-44),Slow,Near,Premium
563,2024-11-19,42,Fast Food,934.5,3.69,35,UPI,2.6,Cancelled,11,Tuesday,Adult (30-44),Normal,Near,Premium
564,2024-12-02,40,Cafe,316.75,4.13,17,Card,3.2,Delivered,12,Monday,Adult (30-44),Fast,Near,Budget
565,2024-10-31,27,Indian,427.6,12.22,22,Cash,4.5,Cancelled,10,Thursday,Young (18-29),Fast,Far,Budget
566,2024-10-13,36,Fast Food,681.32,1.39,80,Card,2.9,Cancelled,10,Sunday,Adult (30-44),Slow,Near,Regular
567,2024-06-10,22,Cafe,922.63,12.23,53,UPI,3.3,Delivered,6,Monday,Young (18-29),Normal,Far,Premium
568,2024-11-16,41,Fast Food,468.1,7.3,77,UPI,4.9,Delivered,11,Saturday,Adult (30-44),Slow,Medium,Regular
569,2024-12-17,56,Bakery,515.53,4.96,67,Wallet,3.5,Cancelled,12,Tuesday,Senior (45+),Slow,Near,Regular
570,2024-12-17,48,Bakery,344.2,7.09,86,Wallet,3.8,Delayed,12,Tuesday,Senior (45+),Slow,Medium,Budget
571,2024-02-24,54,Cafe,777.39,9.58,59,Cash,3.6,Cancelled,2,Saturday,Senior (45+),Normal,Medium,Regular
572,2024-02-29,25,Indian,539.98,4.75,68,Cash,4.5,Delayed,2,Thursday,Young (18-29),Slow,Near,Regular
573,2024-08-29,22,Chinese,1178.29,13.41,81,UPI,4.4,Delayed,8,Thursday,Young (18-29),Slow,Far,Premium
574,2024-11-12,21,Bakery,291.73,11.54,47,Wallet,4.8,Delivered,11,Tuesday,Young (18-29),Normal,Far,Budget
575,2024-06-19,19,Italian,341.15,2.69,76,Wallet,2.6,Cancelled,6,Wednesday,Young (18-29),Slow,Near,Budget
576,2024-07-17,29,Bakery,512.03,1.02,69,Cash,3.8,Delivered,7,Wednesday,Young (18-29),Slow,Near,Regular
577,2024-03-09,65,Chinese,890.96,1.68,71,Cash,4.6,Delivered,3,Saturday,Senior (45+),Slow,Near,Premium
578,2024-06-09,61,Indian,764.03,2.34,83,Cash,3.2,Cancelled,6,Sunday,Senior (45+),Slow,Near,Regular
579,2024-10-30,60,Bakery,818.3,13.68,30,Card,3.0,Cancelled,10,Wednesday,Senior (45+),Normal,Far,Regular
580,2024-09-26,57,Fast Food,403.72,1.69,43,UPI,3.0,Delivered,9,Thursday,Senior (45+),Normal,Near,Budget
581,2024-05-15,28,Fast Food,860.44,7.84,44,Cash,4.1,Cancelled,5,Wednesday,Young (18-29),Normal,Medium,Premium
582,2024-03-08,29,Italian,529.84,7.38,64,UPI,4.0,Cancelled,3,Friday,Young (18-29),Slow,Medium,Regular
583,2024-06-05,23,Bakery,402.53,12.81,82,UPI,3.0,Delayed,6,Wednesday,Young (18-29),Slow,Far,Budget
584,2024-07-24,21,Italian,917.35,13.98,43,Card,2.9,Delivered,7,Wednesday,Young (18-29),Normal,Far,Premium
585,2024-10-11,19,Bakery,357.48,11.4,83,UPI,3.8,Delayed,10,Friday,Young (18-29),Slow,Far,Budget
586,2024-05-01,51,Indian,430.1,13.11,61,Wallet,3.0,Cancelled,5,Wednesday,Senior (45+),Slow,Far,Budget
587,2024-03-17,49,Fast Food,1045.66,2.05,25,UPI,3.6,Delivered,3,Sunday,Senior (45+),Fast,Near,Premium
588,2024-01-26,47,Fast Food,1029.23,10.15,52,Cash,4.6,Delayed,1,Friday,Senior (45+),Normal,Far,Premium
589,2024-01-26,28,Cafe,237.53,6.81,63,Cash,4.7,Delivered,1,Friday,Young (18-29),Slow,Medium,Budget
590,2024-04-20,28,Cafe,526.2,4.73,44,UPI,2.9,Delayed,4,Saturday,Young (18-29),Normal,Near,Regular
591,2024-12-12,23,Bakery,780.04,1.27,25,UPI,3.7,Delayed,12,Thursday,Young (18-29),Fast,Near,Regular
592,2024-02-13,47,Indian,733.61,7.21,25,Card,4.3,Delayed,2,Tuesday,Senior (45+),Fast,Medium,Regular
593,2024-11-06,59,Bakery,509.08,11.58,19,Cash,3.2,Delayed,11,Wednesday,Senior (45+),Fast,Far,Regular
594,2024-04-06,63,Fast Food,889.69,10.03,43,UPI,4.3,Cancelled,4,Saturday,Senior (45+),Normal,Far,Premium
595,2024-06-01,29,Indian,1094.75,12.56,60,UPI,4.4,Delivered,6,Saturday,Young (18-29),Slow,Far,Premium
596,2024-12-24,28,Chinese,541.01,7.3,47,Card,2.7,Delayed,12,Tuesday,Young (18-29),Normal,Medium,Regular
597,2024-06-04,52,Italian,928.39,6.3,39,Card,4.8,Cancelled,6,Tuesday,Senior (45+),Normal,Medium,Premium
598,2024-03-08,65,Chinese,797.87,2.15,27,Card,4.5,Cancelled,3,Friday,Senior (45+),Fast,Near,Regular
599,2024-08-05,64,Bakery,460.65,1.72,38,UPI,2.9,Delivered,8,Monday,Senior (45+),Normal,Near,Regular
600,2024-08-22,49,Indian,244.32,12.61,23,Card,4.8,Delayed,8,Thursday,Senior (45+),Fast,Far,Budget
601,2024-08-06,26,Cafe,526.94,3.58,22,UPI,4.5,Delayed,8,Tuesday,Young (18-29),Fast,Near,Regular
602,2024-07-04,44,Fast Food,789.61,11.76,69,UPI,3.8,Cancelled,7,Thursday,Adult (30-44),Slow,Far,Regular
603,2024-06-01,65,Chinese,343.53,13.48,75,UPI,3.3,Delayed,6,Saturday,Senior (45+),Slow,Far,Budget
604,2024-01-16,62,Indian,323.92,12.08,57,UPI,4.8,Delayed,1,Tuesday,Senior (45+),Normal,Far,Budget
605,2024-08-20,43,Cafe,689.23,3.7,72,Card,4.1,Cancelled,8,Tuesday,Adult (30-44),Slow,Near,Regular
606,2024-03-11,63,Chinese,1044.39,9.89,89,UPI,3.1,Delayed,3,Monday,Senior (45+),Slow,Medium,Premium
607,2024-04-27,29,Cafe,290.66,7.07,90,Cash,4.5,Delivered,4,Saturday,Young (18-29),Slow,Medium,Budget
608,2024-05-01,63,Cafe,568.99,8.48,85,UPI,2.6,Delayed,5,Wednesday,Senior (45+),Slow,Medium,Regular
609,2024-12-03,59,Chinese,545.82,2.29,86,Card,4.8,Delayed,12,Tuesday,Senior (45+),Slow,Near,Regular
610,2024-05-01,19,Indian,775.44,0.97,55,Card,2.9,Delayed,5,Wednesday,Young (18-29),Normal,Near,Regular
611,2024-03-01,58,Chinese,748.31,1.95,39,Card,4.7,Delivered,3,Friday,Senior (45+),Normal,Near,Regular
612,2024-10-05,33,Chinese,827.44,3.48,68,Card,4.4,Delivered,10,Saturday,Adult (30-44),Slow,Near,Regular
613,2024-05-20,39,Italian,1178.69,2.06,51,Wallet,3.0,Cancelled,5,Monday,Adult (30-44),Normal,Near,Premium
614,2024-05-27,38,Fast Food,837.5,5.35,33,Cash,3.2,Delayed,5,Monday,Adult (30-44),Normal,Medium,Regular
615,2024-12-07,59,Fast Food,336.5,3.7,18,Card,4.5,Delayed,12,Saturday,Senior (45+),Fast,Near,Budget
616,2024-10-27,48,Indian,522.67,9.3,77,Cash,2.6,Cancelled,10,Sunday,Senior (45+),Slow,Medium,Regular
617,2024-05-12,26,Cafe,1093.62,7.94,30,UPI,4.4,Delayed,5,Sunday,Young (18-29),Normal,Medium,Premium
618,2024-05-25,42,Fast Food,564.79,13.51,38,Wallet,3.6,Cancelled,5,Saturday,Adult (30-44),Normal,Far,Regular
619,2024-12-08,53,Indian,177.19,10.48,20,Wallet,3.1,Delivered,12,Sunday,Senior (45+),Fast,Far,Budget
620,2024-01-30,25,Cafe,776.66,10.41,31,Wallet,4.7,Delayed,1,Tuesday,Young (18-29),Normal,Far,Regular
621,2024-11-14,41,Cafe,534.55,4.08,20,UPI,2.6,Delayed,11,Thursday,Adult (30-44),Fast,Near,Regular
622,2024-11-25,46,Chinese,747.1,12.17,54,UPI,4.6,Delayed,11,Monday,Senior (45+),Normal,Far,Regular
623,2024-05-22,62,Chinese,1009.58,2.69,39,Cash,4.2,Cancelled,5,Wednesday,Senior (45+),Normal,Near,Premium
624,2024-03-01,55,Bakery,849.71,7.0,41,Card,3.3,Delivered,3,Friday,Senior (45+),Normal,Medium,Regular
625,2024-05-28,43,Fast Food,244.17,5.26,60,Cash,2.6,Delayed,5,Tuesday,Adult (30-44),Slow,Medium,Budget
626,2024-08-13,43,Indian,621.07,6.81,81,Wallet,4.9,Delivered,8,Tuesday,Adult (30-44),Slow,Medium,Regular
627,2024-07-16,19,Bakery,441.47,13.16,57,Card,3.5,Delayed,7,Tuesday,Young (18-29),Normal,Far,Budget
628,2024-03-01,32,Cafe,928.24,14.5,36,UPI,3.7,Delayed,3,Friday,Adult (30-44),Normal,Far,Premium
629,2024-01-30,62,Indian,651.57,11.71,34,UPI,2.7,Delivered,1,Tuesday,Senior (45+),Normal,Far,Regular
630,2024-04-13,20,Indian,728.75,7.11,46,UPI,3.7,Cancelled,4,Saturday,Young (18-29),Normal,Medium,Regular
631,2024-04-18,34,Italian,158.69,11.36,63,UPI,4.2,Cancelled,4,Thursday,Adult (30-44),Slow,Far,Budget
632,2024-09-27,32,Bakery,1075.08,9.42,80,Cash,4.8,Delivered,9,Friday,Adult (30-44),Slow,Medium,Premium
633,2024-07-08,33,Cafe,445.59,1.34,30,Card,4.7,Delivered,7,Monday,Adult (30-44),Normal,Near,Budget
634,2024-02-07,43,Cafe,279.95,0.74,62,Wallet,4.2,Delivered,2,Wednesday,Adult (30-44),Slow,Near,Budget
635,2024-12-30,46,Italian,1015.09,3.87,39,Cash,2.9,Cancelled,12,Monday,Senior (45+),Normal,Near,Premium
636,2024-05-29,52,Indian,748.66,10.4,67,UPI,3.6,Delivered,5,Wednesday,Senior (45+),Slow,Far,Regular
637,2024-10-10,21,Bakery,585.45,4.27,67,Card,3.0,Delayed,10,Thursday,Young (18-29),Slow,Near,Regular
638,2024-12-31,33,Cafe,1116.1,3.11,38,Card,3.7,Delayed,12,Tuesday,Adult (30-44),Normal,Near,Premium
639,2024-12-28,30,Fast Food,1068.98,13.34,79,Wallet,3.9,Cancelled,12,Saturday,Adult (30-44),Slow,Far,Premium
640,2024-09-15,18,Indian,964.33,1.65,76,UPI,4.0,Delivered,9,Sunday,Young (18-29),Slow,Near,Premium
641,2024-03-13,49,Chinese,682.58,2.21,19,UPI,4.0,Delivered,3,Wednesday,Senior (45+),Fast,Near,Regular
642,2024-10-15,49,Bakery,860.99,12.65,53,UPI,2.8,Cancelled,10,Tuesday,Senior (45+),Normal,Far,Premium
643,2024-05-19,39,Fast Food,1185.01,2.48,17,Card,4.6,Delivered,5,Sunday,Adult (30-44),Fast,Near,Premium
644,2024-01-22,26,Cafe,569.53,2.45,67,Cash,2.6,Delivered,1,Monday,Young (18-29),Slow,Near,Regular
645,2024-08-16,24,Chinese,696.27,11.58,26,UPI,3.9,Cancelled,8,Friday,Young (18-29),Fast,Far,Regular
646,2024-03-04,61,Bakery,577.69,10.58,17,Card,3.4,Cancelled,3,Monday,Senior (45+),Fast,Far,Regular
647,2024-07-27,58,Fast Food,1187.07,5.17,43,Card,2.6,Cancelled,7,Saturday,Senior (45+),Normal,Medium,Premium
648,2024-06-02,18,Indian,712.31,13.14,46,UPI,2.7,Delayed,6,Sunday,Young (18-29),Normal,Far,Regular
649,2024-02-03,20,Bakery,1066.22,11.64,15,Wallet,4.4,Cancelled,2,Saturday,Young (18-29),Fast,Far,Premium
650,2024-01-05,31,Chinese,284.07,3.62,36,Card,4.7,Cancelled,1,Friday,Adult (30-44),Normal,Near,Budget
651,2024-06-07,58,Chinese,888.28,13.15,79,Cash,2.9,Delayed,6,Friday,Senior (45+),Slow,Far,Premium
652,2024-06-01,56,Bakery,278.95,12.72,48,Card,4.1,Delayed,6,Saturday,Senior (45+),Normal,Far,Budget
653,2024-09-04,52,Fast Food,305.52,2.97,49,Cash,3.7,Cancelled,9,Wednesday,Senior (45+),Normal,Near,Budget
654,2024-04-30,41,Italian,171.62,4.41,68,Wallet,4.5,Delivered,4,Tuesday,Adult (30-44),Slow,Near,Budget
655,2024-07-20,60,Chinese,309.07,4.37,87,Cash,2.9,Delayed,7,Saturday,Senior (45+),Slow,Near,Budget
656,2024-06-25,24,Fast Food,948.17,13.58,83,Wallet,5.0,Delayed,6,Tuesday,Young (18-29),Slow,Far,Premium
657,2024-09-12,35,Cafe,373.86,12.18,45,Wallet,4.6,Cancelled,9,Thursday,Adult (30-44),Normal,Far,Budget
658,2024-02-15,35,Cafe,306.64,11.06,30,Card,2.9,Cancelled,2,Thursday,Adult (30-44),Normal,Far,Budget
659,2024-05-19,55,Italian,804.34,1.68,60,Cash,3.1,Cancelled,5,Sunday,Senior (45+),Slow,Near,Regular
660,2024-07-22,22,Fast Food,724.63,11.75,25,UPI,3.3,Delivered,7,Monday,Young (18-29),Fast,Far,Regular
661,2024-08-29,24,Bakery,1005.97,10.38,65,Cash,4.4,Delayed,8,Thursday,Young (18-29),Slow,Far,Premium
662,2024-07-15,61,Chinese,1120.79,13.78,43,Card,4.7,Delayed,7,Monday,Senior (45+),Normal,Far,Premium
663,2024-03-21,54,Chinese,839.15,5.23,77,Wallet,4.4,Delivered,3,Thursday,Senior (45+),Slow,Medium,Regular
664,2024-08-16,59,Indian,488.48,7.11,26,Cash,2.7,Delivered,8,Friday,Senior (45+),Fast,Medium,Regular
665,2024-05-24,57,Cafe,382.31,14.58,46,Cash,2.6,Delivered,5,Friday,Senior (45+),Normal,Far,Budget
666,2024-07-16,40,Fast Food,587.47,11.54,67,Card,2.8,Cancelled,7,Tuesday,Adult (30-44),Slow,Far,Regular
667,2024-03-21,21,Italian,1155.17,3.71,45,UPI,3.4,Delayed,3,Thursday,Young (18-29),Normal,Near,Premium
668,2024-12-17,21,Italian,340.79,10.03,16,Wallet,4.7,Delayed,12,Tuesday,Young (18-29),Fast,Far,Budget
669,2024-10-17,24,Indian,718.38,11.59,79,UPI,2.8,Delivered,10,Thursday,Young (18-29),Slow,Far,Regular
670,2024-10-26,42,Cafe,1164.6,9.04,70,Cash,3.5,Delivered,10,Saturday,Adult (30-44),Slow,Medium,Premium
671,2024-02-16,54,Cafe,185.23,3.12,86,UPI,3.6,Cancelled,2,Friday,Senior (45+),Slow,Near,Budget
672,2024-04-04,63,Italian,711.22,13.75,41,Wallet,4.0,Delivered,4,Thursday,Senior (45+),Normal,Far,Regular
673,2024-04-23,24,Bakery,499.02,2.24,80,Wallet,4.7,Delayed,4,Tuesday,Young (18-29),Slow,Near,Regular
674,2024-11-02,37,Cafe,338.34,8.34,62,Card,4.9,Cancelled,11,Saturday,Adult (30-44),Slow,Medium,Budget
675,2024-10-27,25,Cafe,725.24,13.39,90,UPI,3.9,Cancelled,10,Sunday,Young (18-29),Slow,Far,Regular
676,2024-10-20,22,Italian,363.04,12.66,37,Cash,4.0,Delivered,10,Sunday,Young (18-29),Normal,Far,Budget
677,2024-06-24,22,Chinese,995.57,11.52,68,Cash,4.1,Cancelled,6,Monday,Young (18-29),Slow,Far,Premium
678,2024-10-07,52,Italian,768.27,0.74,45,UPI,3.2,Delivered,10,Monday,Senior (45+),Normal,Near,Regular
679,2024-02-14,52,Bakery,755.59,14.99,47,Wallet,3.7,Delivered,2,Wednesday,Senior (45+),Normal,Far,Regular
680,2024-10-29,48,Cafe,989.42,14.11,50,Cash,3.1,Delivered,10,Tuesday,Senior (45+),Normal,Far,Premium
681,2024-07-07,19,Chinese,692.65,13.08,82,Card,3.0,Cancelled,7,Sunday,Young (18-29),Slow,Far,Regular
682,2024-06-22,63,Bakery,756.34,10.62,61,Cash,5.0,Delayed,6,Saturday,Senior (45+),Slow,Far,Regular
683,2024-12-25,59,Indian,977.52,12.78,68,UPI,3.3,Cancelled,12,Wednesday,Senior (45+),Slow,Far,Premium
684,2024-08-11,45,Cafe,894.83,14.79,59,Card,4.6,Delivered,8,Sunday,Senior (45+),Normal,Far,Premium
685,2024-07-31,42,Fast Food,271.08,2.53,70,UPI,3.8,Delayed,7,Wednesday,Adult (30-44),Slow,Near,Budget
686,2024-02-19,61,Bakery,851.81,9.85,56,Card,2.7,Delivered,2,Monday,Senior (45+),Normal,Medium,Premium
687,2024-03-25,56,Fast Food,320.18,14.11,85,Card,4.2,Delayed,3,Monday,Senior (45+),Slow,Far,Budget
688,2024-08-04,31,Fast Food,1021.52,3.42,58,Wallet,4.0,Delivered,8,Sunday,Adult (30-44),Normal,Near,Premium
689,2024-10-05,47,Cafe,1024.52,8.54,60,Cash,3.1,Delivered,10,Saturday,Senior (45+),Slow,Medium,Premium
690,2024-07-09,39,Indian,479.07,13.54,65,Card,4.2,Delayed,7,Tuesday,Adult (30-44),Slow,Far,Regular
691,2024-09-04,23,Italian,446.46,12.63,32,Wallet,4.5,Cancelled,9,Wednesday,Young (18-29),Normal,Far,Budget
692,2024-08-14,54,Italian,1007.86,1.84,37,UPI,4.5,Delayed,8,Wednesday,Senior (45+),Normal,Near,Premium
693,2024-07-05,44,Chinese,785.87,1.5,78,Cash,4.4,Cancelled,7,Friday,Adult (30-44),Slow,Near,Regular
694,2024-03-06,63,Indian,942.65,14.66,66,Cash,4.5,Delivered,3,Wednesday,Senior (45+),Slow,Far,Premium
695,2024-11-15,60,Fast Food,153.84,10.48,79,Card,4.1,Cancelled,11,Friday,Senior (45+),Slow,Far,Budget
696,2024-04-08,35,Indian,552.91,5.16,48,Cash,2.6,Delayed,4,Monday,Adult (30-44),Normal,Medium,Regular
697,2024-05-17,40,Indian,683.53,1.72,46,Cash,3.6,Cancelled,5,Friday,Adult (30-44),Normal,Near,Regular
698,2024-07-08,28,Chinese,533.63,9.84,57,UPI,4.4,Cancelled,7,Monday,Young (18-29),Normal,Medium,Regular
699,2024-01-06,28,Fast Food,439.57,11.32,75,Cash,4.3,Cancelled,1,Saturday,Young (18-29),Slow,Far,Budget
700,2024-04-04,49,Cafe,1146.08,5.67,74,UPI,3.0,Cancelled,4,Thursday,Senior (45+),Slow,Medium,Premium
701,2024-07-17,20,Cafe,1183.39,5.24,77,UPI,2.7,Delayed,7,Wednesday,Young (18-29),Slow,Medium,Premium
702,2024-06-28,33,Indian,1099.47,0.52,89,Cash,4.2,Delayed,6,Friday,Adult (30-44),Slow,Near,Premium
703,2024-01-22,54,Bakery,501.04,1.72,87,Cash,3.7,Delayed,1,Monday,Senior (45+),Slow,Near,Regular
704,2024-04-03,40,Chinese,1108.61,13.68,76,Cash,4.4,Delivered,4,Wednesday,Adult (30-44),Slow,Far,Premium
705,2024-02-06,53,Fast Food,410.16,1.09,83,Cash,3.8,Delayed,2,Tuesday,Senior (45+),Slow,Near,Budget
706,2024-08-05,38,Indian,695.17,14.37,85,Cash,4.0,Delayed,8,Monday,Adult (30-44),Slow,Far,Regular
707,2024-02-18,51,Italian,610.35,13.35,85,Wallet,3.5,Cancelled,2,Sunday,Senior (45+),Slow,Far,Regular
708,2024-12-16,24,Fast Food,765.13,13.23,20,Cash,3.2,Delayed,12,Monday,Young (18-29),Fast,Far,Regular
709,2024-05-11,34,Bakery,974.78,4.97,74,UPI,3.3,Cancelled,5,Saturday,Adult (30-44),Slow,Near,Premium
710,2024-07-21,39,Bakery,751.56,10.14,31,UPI,4.7,Cancelled,7,Sunday,Adult (30-44),Normal,Far,Regular
711,2024-05-06,46,Italian,688.67,6.66,42,Wallet,4.8,Cancelled,5,Monday,Senior (45+),Normal,Medium,Regular
712,2024-08-04,64,Chinese,1049.29,0.86,75,Wallet,4.8,Delivered,8,Sunday,Senior (45+),Slow,Near,Premium
713,2024-03-23,49,Cafe,712.17,2.91,41,Wallet,4.9,Delayed,3,Saturday,Senior (45+),Normal,Near,Regular
714,2024-03-31,48,Chinese,627.05,4.95,61,Cash,4.8,Delayed,3,Sunday,Senior (45+),Slow,Near,Regular
715,2024-03-12,52,Cafe,983.33,13.88,21,UPI,3.0,Delayed,3,Tuesday,Senior (45+),Fast,Far,Premium
716,2024-05-22,65,Bakery,159.27,13.03,78,Cash,2.9,Cancelled,5,Wednesday,Senior (45+),Slow,Far,Budget
717,2024-07-19,45,Indian,386.52,4.43,57,UPI,4.6,Delivered,7,Friday,Senior (45+),Normal,Near,Budget
718,2024-12-01,58,Fast Food,686.52,10.64,38,Wallet,3.5,Cancelled,12,Sunday,Senior (45+),Normal,Far,Regular
719,2024-10-17,48,Bakery,213.71,8.46,37,Card,4.4,Delivered,10,Thursday,Senior (45+),Normal,Medium,Budget
720,2024-06-18,64,Indian,277.69,12.82,47,Wallet,4.9,Cancelled,6,Tuesday,Senior (45+),Normal,Far,Budget
721,2024-02-10,62,Indian,652.92,2.07,24,Wallet,4.7,Cancelled,2,Saturday,Senior (45+),Fast,Near,Regular
722,2024-12-18,29,Fast Food,985.31,12.31,28,Cash,3.1,Delivered,12,Wednesday,Young (18-29),Fast,Far,Premium
723,2024-02-07,19,Indian,413.27,2.92,78,Card,4.0,Delivered,2,Wednesday,Young (18-29),Slow,Near,Budget
724,2024-07-21,20,Fast Food,163.65,9.29,51,UPI,4.9,Delivered,7,Sunday,Young (18-29),Normal,Medium,Budget
725,2024-11-02,45,Indian,256.98,7.17,17,Wallet,4.4,Delivered,11,Saturday,Senior (45+),Fast,Medium,Budget
726,2024-12-27,33,Italian,262.24,11.3,86,Card,4.5,Cancelled,12,Friday,Adult (30-44),Slow,Far,Budget
727,2024-03-31,54,Cafe,387.37,2.55,52,Cash,3.2,Delivered,3,Sunday,Senior (45+),Normal,Near,Budget
728,2024-10-23,55,Fast Food,530.94,10.56,67,Wallet,4.0,Delayed,10,Wednesday,Senior (45+),Slow,Far,Regular
729,2024-02-18,47,Indian,787.0,1.82,68,Card,3.8,Delivered,2,Sunday,Senior (45+),Slow,Near,Regular
730,2024-08-06,35,Indian,947.14,5.56,56,Cash,4.5,Cancelled,8,Tuesday,Adult (30-44),Normal,Medium,Premium
731,2024-06-12,53,Cafe,832.39,13.42,15,Wallet,2.7,Delivered,6,Wednesday,Senior (45+),Fast,Far,Regular
732,2024-09-18,30,Bakery,329.64,3.66,74,Cash,2.6,Cancelled,9,Wednesday,Adult (30-44),Slow,Near,Budget
733,2024-07-18,34,Bakery,348.52,5.79,43,UPI,3.2,Cancelled,7,Thursday,Adult (30-44),Normal,Medium,Budget
734,2024-07-13,56,Chinese,890.29,9.35,19,UPI,4.8,Delivered,7,Saturday,Senior (45+),Fast,Medium,Premium
735,2024-02-22,21,Italian,645.83,2.86,16,Card,2.7,Cancelled,2,Thursday,Young (18-29),Fast,Near,Regular
736,2024-03-29,38,Fast Food,151.92,14.72,17,Wallet,4.0,Delayed,3,Friday,Adult (30-44),Fast,Far,Budget
737,2024-12-15,32,Cafe,1181.05,5.47,57,Card,4.9,Cancelled,12,Sunday,Adult (30-44),Normal,Medium,Premium
738,2024-02-27,37,Fast Food,556.67,8.97,22,UPI,4.2,Cancelled,2,Tuesday,Adult (30-44),Fast,Medium,Regular
739,2024-05-13,23,Italian,724.9,6.92,23,Wallet,4.3,Delivered,5,Monday,Young (18-29),Fast,Medium,Regular
740,2024-11-15,60,Fast Food,413.58,10.85,73,Wallet,3.9,Delayed,11,Friday,Senior (45+),Slow,Far,Budget
741,2024-01-10,49,Italian,914.75,4.89,65,Card,2.6,Delivered,1,Wednesday,Senior (45+),Slow,Near,Premium
742,2024-07-22,64,Indian,419.6,8.21,87,UPI,3.8,Delivered,7,Monday,Senior (45+),Slow,Medium,Budget
743,2024-11-12,56,Indian,283.33,3.92,15,Cash,3.2,Delayed,11,Tuesday,Senior (45+),Fast,Near,Budget
744,2024-01-16,43,Bakery,967.78,1.15,57,UPI,3.9,Delayed,1,Tuesday,Adult (30-44),Normal,Near,Premium
745,2024-02-12,25,Indian,671.88,2.62,39,Wallet,4.2,Delayed,2,Monday,Young (18-29),Normal,Near,Regular
746,2024-12-05,52,Italian,966.68,14.28,42,Wallet,3.2,Cancelled,12,Thursday,Senior (45+),Normal,Far,Premium
747,2024-12-28,47,Cafe,1181.75,13.26,19,Cash,3.7,Delayed,12,Saturday,Senior (45+),Fast,Far,Premium
748,2024-02-26,47,Indian,317.34,5.56,59,Wallet,3.0,Cancelled,2,Monday,Senior (45+),Normal,Medium,Budget
749,2024-04-08,62,Italian,332.87,1.44,65,UPI,4.5,Delayed,4,Monday,Senior (45+),Slow,Near,Budget
750,2024-11-01,56,Bakery,974.78,7.78,79,UPI,2.5,Delivered,11,Friday,Senior (45+),Slow,Medium,Premium
751,2024-09-23,64,Chinese,345.4,1.71,89,UPI,3.2,Delivered,9,Monday,Senior (45+),Slow,Near,Budget
752,2024-05-15,36,Indian,1185.32,0.63,20,UPI,3.2,Delayed,5,Wednesday,Adult (30-44),Fast,Near,Premium
753,2024-06-18,53,Indian,832.38,3.89,53,UPI,3.3,Delayed,6,Tuesday,Senior (45+),Normal,Near,Regular
754,2024-12-19,37,Chinese,339.28,2.96,64,Wallet,3.9,Delivered,12,Thursday,Adult (30-44),Slow,Near,Budget
755,2024-03-29,57,Italian,452.69,10.34,53,UPI,4.3,Delayed,3,Friday,Senior (45+),Normal,Far,Regular
756,2024-04-14,55,Bakery,978.59,8.9,80,Wallet,2.6,Cancelled,4,Sunday,Senior (45+),Slow,Medium,Premium
757,2024-03-15,29,Chinese,269.52,13.95,42,UPI,3.0,Delivered,3,Friday,Young (18-29),Normal,Far,Budget
758,2024-10-04,50,Cafe,908.98,12.63,87,Cash,4.6,Cancelled,10,Friday,Senior (45+),Slow,Far,Premium
759,2024-08-09,44,Italian,1044.48,12.16,22,Card,3.2,Cancelled,8,Friday,Adult (30-44),Fast,Far,Premium
760,2024-09-23,19,Italian,416.13,11.95,67,UPI,4.9,Delayed,9,Monday,Young (18-29),Slow,Far,Budget
761,2024-02-18,35,Italian,401.32,7.87,85,UPI,4.0,Delivered,2,Sunday,Adult (30-44),Slow,Medium,Budget
762,2024-05-31,36,Cafe,617.04,11.07,76,Cash,4.2,Delayed,5,Friday,Adult (30-44),Slow,Far,Regular
763,2024-05-13,47,Indian,497.5,1.01,27,Card,3.6,Delivered,5,Monday,Senior (45+),Fast,Near,Regular
764,2024-02-21,61,Bakery,873.4,2.55,20,UPI,3.3,Delayed,2,Wednesday,Senior (45+),Fast,Near,Premium
765,2024-04-11,48,Bakery,468.36,6.54,27,Card,4.3,Delayed,4,Thursday,Senior (45+),Fast,Medium,Regular
766,2024-12-23,55,Chinese,562.83,7.08,48,Card,3.2,Delivered,12,Monday,Senior (45+),Normal,Medium,Regular
767,2024-05-09,42,Indian,1005.33,3.74,18,Card,3.8,Delayed,5,Thursday,Adult (30-44),Fast,Near,Premium
768,2024-04-26,64,Italian,728.75,14.31,28,Cash,4.9,Cancelled,4,Friday,Senior (45+),Fast,Far,Regular
769,2024-06-05,41,Indian,855.0,0.72,48,Wallet,4.9,Delivered,6,Wednesday,Adult (30-44),Normal,Near,Premium
770,2024-05-24,65,Indian,691.13,12.2,29,Cash,2.9,Delayed,5,Friday,Senior (45+),Fast,Far,Regular
771,2024-05-27,41,Indian,709.32,1.14,87,Wallet,4.0,Cancelled,5,Monday,Adult (30-44),Slow,Near,Regular
772,2024-09-16,26,Indian,186.26,5.09,15,Cash,2.6,Cancelled,9,Monday,Young (18-29),Fast,Medium,Budget
773,2024-05-02,57,Chinese,736.13,3.52,45,Card,3.2,Delivered,5,Thursday,Senior (45+),Normal,Near,Regular
774,2024-02-12,56,Italian,250.63,6.72,27,UPI,3.6,Cancelled,2,Monday,Senior (45+),Fast,Medium,Budget
775,2024-01-28,65,Cafe,1101.94,12.49,63,Cash,3.8,Delayed,1,Sunday,Senior (45+),Slow,Far,Premium
776,2024-07-24,30,Indian,571.58,5.39,38,Wallet,3.3,Delivered,7,Wednesday,Adult (30-44),Normal,Medium,Regular
777,2024-04-01,43,Italian,1173.63,4.97,30,Card,3.8,Cancelled,4,Monday,Adult (30-44),Normal,Near,Premium
778,2024-05-07,28,Bakery,1131.55,0.78,45,Card,3.3,Delayed,5,Tuesday,Young (18-29),Normal,Near,Premium
779,2024-07-12,51,Cafe,341.85,12.86,31,Cash,3.2,Delayed,7,Friday,Senior (45+),Normal,Far,Budget
780,2024-04-21,47,Italian,861.96,3.09,26,Card,4.7,Delivered,4,Sunday,Senior (45+),Fast,Near,Premium
781,2024-10-19,65,Cafe,508.3,14.43,30,UPI,2.5,Delayed,10,Saturday,Senior (45+),Normal,Far,Regular
782,2024-10-10,54,Fast Food,748.83,6.98,80,Cash,4.0,Delayed,10,Thursday,Senior (45+),Slow,Medium,Regular
783,2024-08-21,53,Indian,566.78,0.83,19,Wallet,2.6,Delivered,8,Wednesday,Senior (45+),Fast,Near,Regular
784,2024-06-14,41,Cafe,1150.08,3.38,82,Card,2.6,Delayed,6,Friday,Adult (30-44),Slow,Near,Premium
785,2024-02-02,33,Cafe,335.38,13.73,80,Card,4.6,Cancelled,2,Friday,Adult (30-44),Slow,Far,Budget
786,2024-12-21,43,Chinese,231.75,14.73,57,UPI,3.1,Delayed,12,Saturday,Adult (30-44),Normal,Far,Budget
787,2024-03-05,55,Bakery,1088.02,6.66,36,Card,3.3,Delivered,3,Tuesday,Senior (45+),Normal,Medium,Premium
788,2024-10-27,35,Bakery,153.94,1.18,84,Card,2.9,Delivered,10,Sunday,Adult (30-44),Slow,Near,Budget
789,2024-04-13,57,Fast Food,959.7,2.82,90,Cash,4.4,Delivered,4,Saturday,Senior (45+),Slow,Near,Premium
790,2024-03-27,51,Indian,692.15,4.11,76,Wallet,3.1,Delayed,3,Wednesday,Senior (45+),Slow,Near,Regular
791,2024-02-20,27,Bakery,484.59,4.72,43,Cash,4.2,Delivered,2,Tuesday,Young (18-29),Normal,Near,Regular
792,2024-09-26,33,Fast Food,1104.82,9.81,86,Card,4.1,Delivered,9,Thursday,Adult (30-44),Slow,Medium,Premium
793,2024-12-13,25,Bakery,515.86,8.41,39,UPI,2.9,Delivered,12,Friday,Young (18-29),Normal,Medium,Regular
794,2024-01-30,55,Indian,639.93,1.85,48,Wallet,4.7,Delivered,1,Tuesday,Senior (45+),Normal,Near,Regular
795,2024-05-14,48,Indian,452.51,7.75,87,Wallet,3.8,Delivered,5,Tuesday,Senior (45+),Slow,Medium,Regular
796,2024-09-19,30,Indian,463.26,2.27,42,Card,2.7,Delivered,9,Thursday,Adult (30-44),Normal,Near,Regular
797,2024-10-08,42,Bakery,475.68,7.98,61,Cash,3.3,Cancelled,10,Tuesday,Adult (30-44),Slow,Medium,Regular
798,2024-03-17,36,Cafe,513.28,12.87,36,Card,4.5,Cancelled,3,Sunday,Adult (30-44),Normal,Far,Regular
799,2024-09-02,29,Indian,393.59,6.31,15,Wallet,3.2,Cancelled,9,Monday,Young (18-29),Fast,Medium,Budget
800,2024-02-13,42,Cafe,767.06,14.54,40,Card,3.2,Cancelled,2,Tuesday,Adult (30-44),Normal,Far,Regular
801,2024-11-04,55,Cafe,192.99,14.16,43,Card,4.5,Delivered,11,Monday,Senior (45+),Normal,Far,Budget
802,2024-07-23,29,Cafe,273.53,1.33,79,UPI,3.8,Cancelled,7,Tuesday,Young (18-29),Slow,Near,Budget
803,2024-11-14,29,Chinese,969.81,14.45,65,Wallet,3.1,Cancelled,11,Thursday,Young (18-29),Slow,Far,Premium
804,2024-12-05,56,Cafe,655.84,8.66,18,Wallet,3.8,Cancelled,12,Thursday,Senior (45+),Fast,Medium,Regular
805,2024-12-04,58,Chinese,258.45,0.52,76,Cash,4.8,Delivered,12,Wednesday,Senior (45+),Slow,Near,Budget
806,2024-01-04,28,Indian,362.47,13.12,64,UPI,4.2,Delayed,1,Thursday,Young (18-29),Slow,Far,Budget
807,2024-01-28,20,Chinese,459.94,4.83,89,Cash,4.5,Cancelled,1,Sunday,Young (18-29),Slow,Near,Regular
808,2024-07-04,41,Italian,654.13,1.01,51,Card,3.3,Delayed,7,Thursday,Adult (30-44),Normal,Near,Regular
809,2024-03-29,53,Fast Food,269.03,8.89,15,Cash,3.5,Delayed,3,Friday,Senior (45+),Fast,Medium,Budget
810,2024-08-17,61,Chinese,816.66,0.94,67,Cash,4.1,Delivered,8,Saturday,Senior (45+),Slow,Near,Regular
811,2024-04-25,50,Chinese,570.23,9.42,90,Cash,3.9,Delayed,4,Thursday,Senior (45+),Slow,Medium,Regular
812,2024-01-12,38,Italian,660.01,9.89,52,Wallet,3.2,Delivered,1,Friday,Adult (30-44),Normal,Medium,Regular
813,2024-06-15,49,Indian,336.22,5.41,58,Wallet,3.0,Delayed,6,Saturday,Senior (45+),Normal,Medium,Budget
814,2024-04-26,58,Bakery,608.58,3.08,44,UPI,3.8,Delivered,4,Friday,Senior (45+),Normal,Near,Regular
815,2024-07-02,64,Bakery,417.43,13.01,81,Card,4.7,Delayed,7,Tuesday,Senior (45+),Slow,Far,Budget
816,2024-12-03,45,Italian,1053.22,2.45,32,Card,2.9,Delivered,12,Tuesday,Senior (45+),Normal,Near,Premium
817,2024-05-17,25,Fast Food,367.83,14.4,57,Wallet,3.4,Delayed,5,Friday,Young (18-29),Normal,Far,Budget
818,2024-10-31,24,Indian,914.66,5.95,60,Card,3.0,Cancelled,10,Thursday,Young (18-29),Slow,Medium,Premium
819,2024-10-23,22,Cafe,730.29,11.29,84,Card,4.7,Delayed,10,Wednesday,Young (18-29),Slow,Far,Regular
820,2024-09-18,27,Chinese,640.43,1.85,26,Wallet,4.7,Delivered,9,Wednesday,Young (18-29),Fast,Near,Regular
821,2024-09-18,53,Fast Food,1180.2,5.53,55,Wallet,4.2,Delayed,9,Wednesday,Senior (45+),Normal,Medium,Premium
822,2024-01-10,41,Bakery,534.56,5.84,38,Wallet,3.9,Delivered,1,Wednesday,Adult (30-44),Normal,Medium,Regular
823,2024-07-11,28,Indian,281.33,13.15,41,Cash,4.1,Delayed,7,Thursday,Young (18-29),Normal,Far,Budget
824,2024-12-30,18,Fast Food,677.84,5.71,27,Wallet,4.5,Delivered,12,Monday,Young (18-29),Fast,Medium,Regular
825,2024-11-23,63,Cafe,1026.03,8.17,69,UPI,4.6,Delivered,11,Saturday,Senior (45+),Slow,Medium,Premium
826,2024-06-28,49,Fast Food,1182.74,3.3,81,Wallet,3.9,Delayed,6,Friday,Senior (45+),Slow,Near,Premium
827,2024-07-21,54,Italian,155.22,0.57,27,Card,3.5,Delivered,7,Sunday,Senior (45+),Fast,Near,Budget
828,2024-12-13,23,Chinese,252.6,11.3,20,Cash,3.7,Delivered,12,Friday,Young (18-29),Fast,Far,Budget
829,2024-12-26,30,Bakery,580.05,5.13,83,Card,3.6,Delivered,12,Thursday,Adult (30-44),Slow,Medium,Regular
830,2024-08-24,53,Fast Food,286.49,10.69,30,Card,3.2,Delivered,8,Saturday,Senior (45+),Normal,Far,Budget
831,2024-12-02,50,Chinese,589.09,13.51,36,Cash,3.5,Cancelled,12,Monday,Senior (45+),Normal,Far,Regular
832,2024-04-27,24,Chinese,612.48,3.63,30,Card,3.5,Delayed,4,Saturday,Young (18-29),Normal,Near,Regular
833,2024-10-26,49,Italian,522.49,10.32,44,Wallet,3.4,Cancelled,10,Saturday,Senior (45+),Normal,Far,Regular
834,2024-11-09,65,Chinese,696.96,13.49,55,Wallet,2.9,Delayed,11,Saturday,Senior (45+),Normal,Far,Regular
835,2024-01-30,51,Cafe,384.37,9.7,53,UPI,4.1,Delayed,1,Tuesday,Senior (45+),Normal,Medium,Budget
836,2024-06-29,56,Italian,933.63,2.2,56,Card,4.2,Delayed,6,Saturday,Senior (45+),Normal,Near,Premium
837,2024-03-15,28,Fast Food,1180.72,7.3,36,Card,3.6,Delayed,3,Friday,Young (18-29),Normal,Medium,Premium
838,2024-08-20,36,Cafe,198.42,8.57,28,UPI,3.0,Cancelled,8,Tuesday,Adult (30-44),Fast,Medium,Budget
839,2024-11-27,33,Indian,510.73,12.76,52,Wallet,4.7,Cancelled,11,Wednesday,Adult (30-44),Normal,Far,Regular
840,2024-05-26,20,Bakery,280.77,12.94,65,Card,2.9,Delayed,5,Sunday,Young (18-29),Slow,Far,Budget
841,2024-08-14,20,Italian,327.44,0.86,29,Card,2.8,Cancelled,8,Wednesday,Young (18-29),Fast,Near,Budget
842,2024-03-24,47,Fast Food,461.49,13.67,29,Cash,2.9,Cancelled,3,Sunday,Senior (45+),Fast,Far,Regular
843,2024-01-08,28,Cafe,597.92,9.32,37,UPI,3.4,Cancelled,1,Monday,Young (18-29),Normal,Medium,Regular
844,2024-09-25,51,Cafe,1025.66,11.11,63,Cash,4.3,Delivered,9,Wednesday,Senior (45+),Slow,Far,Premium
845,2024-12-01,27,Fast Food,342.32,9.24,32,Card,4.2,Delivered,12,Sunday,Young (18-29),Normal,Medium,Budget
846,2024-02-25,36,Italian,916.06,12.26,43,Wallet,3.5,Cancelled,2,Sunday,Adult (30-44),Normal,Far,Premium
847,2024-01-05,26,Bakery,643.99,5.06,25,Card,3.2,Delivered,1,Friday,Young (18-29),Fast,Medium,Regular
848,2024-04-25,44,Italian,914.52,9.32,81,Cash,4.1,Delayed,4,Thursday,Adult (30-44),Slow,Medium,Premium
849,2024-03-14,56,Cafe,684.12,9.64,59,UPI,4.0,Delayed,3,Thursday,Senior (45+),Normal,Medium,Regular
850,2024-07-27,27,Fast Food,238.4,11.2,68,UPI,4.1,Cancelled,7,Saturday,Young (18-29),Slow,Far,Budget
851,2024-04-08,54,Italian,672.32,8.47,52,Cash,3.1,Delivered,4,Monday,Senior (45+),Normal,Medium,Regular
852,2024-05-07,30,Fast Food,250.56,7.9,20,Wallet,3.0,Cancelled,5,Tuesday,Adult (30-44),Fast,Medium,Budget
853,2024-08-16,18,Fast Food,502.13,6.18,41,Card,3.3,Delivered,8,Friday,Young (18-29),Normal,Medium,Regular
854,2024-10-21,43,Bakery,262.37,9.4,56,Card,3.3,Delivered,10,Monday,Adult (30-44),Normal,Medium,Budget
855,2024-11-29,37,Chinese,1072.4,2.13,35,Cash,4.9,Delayed,11,Friday,Adult (30-44),Normal,Near,Premium
856,2024-07-12,48,Fast Food,694.88,5.22,26,Wallet,3.9,Delivered,7,Friday,Senior (45+),Fast,Medium,Regular
857,2024-02-08,60,Chinese,932.55,9.9,34,Wallet,4.3,Delivered,2,Thursday,Senior (45+),Normal,Medium,Premium
858,2024-03-15,46,Chinese,476.31,13.53,16,Wallet,3.4,Delivered,3,Friday,Senior (45+),Fast,Far,Regular
859,2024-03-16,42,Bakery,352.34,10.21,19,UPI,4.0,Delayed,3,Saturday,Adult (30-44),Fast,Far,Budget
860,2024-12-05,38,Indian,168.31,14.16,52,Card,2.5,Delivered,12,Thursday,Adult (30-44),Normal,Far,Budget
861,2024-08-16,45,Fast Food,1167.91,12.75,43,UPI,3.3,Delivered,8,Friday,Senior (45+),Normal,Far,Premium
862,2024-01-17,40,Fast Food,657.95,7.7,89,Cash,4.8,Delivered,1,Wednesday,Adult (30-44),Slow,Medium,Regular
863,2024-01-04,49,Cafe,439.16,6.33,39,Card,4.9,Delivered,1,Thursday,Senior (45+),Normal,Medium,Budget
864,2024-10-13,44,Fast Food,423.1,8.59,24,UPI,3.0,Cancelled,10,Sunday,Adult (30-44),Fast,Medium,Budget
865,2024-08-16,57,Cafe,411.0,6.61,60,Wallet,4.5,Delivered,8,Friday,Senior (45+),Slow,Medium,Budget
866,2024-08-01,46,Fast Food,1137.92,4.61,76,Cash,4.9,Delayed,8,Thursday,Senior (45+),Slow,Near,Premium
867,2024-03-28,23,Cafe,562.64,11.92,73,Wallet,2.8,Delayed,3,Thursday,Young (18-29),Slow,Far,Regular
868,2024-08-29,54,Fast Food,1118.58,7.25,25,Card,4.3,Delayed,8,Thursday,Senior (45+),Fast,Medium,Premium
869,2024-02-02,40,Fast Food,577.87,13.81,58,Wallet,4.5,Delivered,2,Friday,Adult (30-44),Normal,Far,Regular
870,2024-08-30,60,Italian,304.08,3.25,58,Cash,4.2,Cancelled,8,Friday,Senior (45+),Normal,Near,Budget
871,2024-09-07,46,Cafe,822.55,9.72,65,Wallet,3.2,Delayed,9,Saturday,Senior (45+),Slow,Medium,Regular
872,2024-02-25,19,Fast Food,1128.98,4.03,54,Cash,2.9,Delivered,2,Sunday,Young (18-29),Normal,Near,Premium
873,2024-08-07,54,Chinese,670.73,8.24,27,Card,4.6,Delivered,8,Wednesday,Senior (45+),Fast,Medium,Regular
874,2024-02-20,19,Italian,962.78,14.1,62,UPI,4.0,Delivered,2,Tuesday,Young (18-29),Slow,Far,Premium
875,2024-09-26,44,Bakery,877.04,1.25,46,Cash,4.3,Delayed,9,Thursday,Adult (30-44),Normal,Near,Premium
876,2024-03-13,34,Fast Food,464.41,13.43,85,UPI,4.5,Delayed,3,Wednesday,Adult (30-44),Slow,Far,Regular
877,2024-05-17,19,Italian,851.41,2.29,67,Cash,3.5,Delayed,5,Friday,Young (18-29),Slow,Near,Premium
878,2024-11-09,52,Bakery,1183.42,12.79,25,UPI,3.0,Delayed,11,Saturday,Senior (45+),Fast,Far,Premium
879,2024-02-06,30,Chinese,1119.21,13.57,18,Card,2.6,Delivered,2,Tuesday,Adult (30-44),Fast,Far,Premium
880,2024-02-09,47,Indian,787.48,4.8,61,Wallet,3.1,Delayed,2,Friday,Senior (45+),Slow,Near,Regular
881,2024-08-23,48,Fast Food,803.99,7.03,58,UPI,3.4,Delayed,8,Friday,Senior (45+),Normal,Medium,Regular
882,2024-02-29,22,Cafe,1120.88,5.28,37,Card,2.8,Delayed,2,Thursday,Young (18-29),Normal,Medium,Premium
883,2024-02-26,63,Cafe,964.45,10.82,21,Card,3.7,Delayed,2,Monday,Senior (45+),Fast,Far,Premium
884,2024-09-03,40,Chinese,686.04,9.25,59,Cash,4.1,Cancelled,9,Tuesday,Adult (30-44),Normal,Medium,Regular
885,2024-06-25,45,Chinese,227.48,6.55,77,Card,4.4,Delayed,6,Tuesday,Senior (45+),Slow,Medium,Budget
886,2024-01-28,43,Chinese,980.6,12.55,35,Card,4.1,Delivered,1,Sunday,Adult (30-44),Normal,Far,Premium
887,2024-10-28,43,Chinese,377.59,10.43,89,Cash,4.9,Cancelled,10,Monday,Adult (30-44),Slow,Far,Budget
888,2024-12-01,60,Cafe,597.1,9.59,60,Cash,4.1,Cancelled,12,Sunday,Senior (45+),Slow,Medium,Regular
889,2024-01-23,58,Italian,1087.41,6.33,54,UPI,4.6,Delayed,1,Tuesday,Senior (45+),Normal,Medium,Premium
890,2024-06-09,37,Cafe,916.16,10.9,80,Wallet,4.3,Delayed,6,Sunday,Adult (30-44),Slow,Far,Premium
891,2024-10-10,50,Cafe,994.47,9.98,37,Cash,4.1,Delayed,10,Thursday,Senior (45+),Normal,Medium,Premium
892,2024-10-04,52,Italian,828.17,4.67,54,Card,4.8,Cancelled,10,Friday,Senior (45+),Normal,Near,Regular
893,2024-11-09,57,Italian,1113.85,6.78,18,Wallet,3.5,Delivered,11,Saturday,Senior (45+),Fast,Medium,Premium
894,2024-03-25,31,Indian,932.3,14.77,44,UPI,4.6,Delayed,3,Monday,Adult (30-44),Normal,Far,Premium
895,2024-02-19,61,Bakery,365.45,12.14,19,Card,4.1,Delivered,2,Monday,Senior (45+),Fast,Far,Budget
896,2024-01-19,32,Italian,658.92,0.76,21,Card,2.9,Delivered,1,Friday,Adult (30-44),Fast,Near,Regular
897,2024-10-22,53,Bakery,940.19,9.64,15,Wallet,4.4,Delivered,10,Tuesday,Senior (45+),Fast,Medium,Premium
898,2024-05-03,45,Cafe,1134.13,7.23,51,Wallet,3.5,Delivered,5,Friday,Senior (45+),Normal,Medium,Premium
899,2024-11-07,28,Fast Food,1073.18,5.66,61,UPI,3.6,Cancelled,11,Thursday,Young (18-29),Slow,Medium,Premium
900,2024-08-24,56,Indian,788.09,2.8,78,Card,4.6,Delivered,8,Saturday,Senior (45+),Slow,Near,Regular
901,2024-05-07,44,Bakery,772.17,10.11,69,Cash,4.4,Cancelled,5,Tuesday,Adult (30-44),Slow,Far,Regular
902,2024-12-03,54,Bakery,870.06,4.11,20,UPI,2.9,Delayed,12,Tuesday,Senior (45+),Fast,Near,Premium
903,2024-02-20,37,Indian,802.44,14.01,19,UPI,3.6,Delayed,2,Tuesday,Adult (30-44),Fast,Far,Regular
904,2024-05-20,26,Fast Food,172.39,7.79,80,UPI,4.6,Delayed,5,Monday,Young (18-29),Slow,Medium,Budget
905,2024-08-15,27,Chinese,255.03,8.89,47,Cash,3.9,Delivered,8,Thursday,Young (18-29),Normal,Medium,Budget
906,2024-10-06,43,Bakery,336.05,7.25,27,UPI,4.2,Delivered,10,Sunday,Adult (30-44),Fast,Medium,Budget
907,2024-07-20,25,Cafe,778.54,8.94,60,Card,3.3,Cancelled,7,Saturday,Young (18-29),Slow,Medium,Regular
908,2024-08-03,47,Cafe,380.56,3.58,80,Cash,4.1,Cancelled,8,Saturday,Senior (45+),Slow,Near,Budget
909,2024-07-10,48,Chinese,451.16,6.71,49,UPI,2.9,Cancelled,7,Wednesday,Senior (45+),Normal,Medium,Regular
910,2024-12-30,60,Italian,816.48,13.84,29,UPI,4.6,Delivered,12,Monday,Senior (45+),Fast,Far,Regular
911,2024-01-13,49,Cafe,625.99,13.37,37,UPI,2.5,Cancelled,1,Saturday,Senior (45+),Normal,Far,Regular
912,2024-09-24,44,Indian,678.96,13.04,82,Card,4.6,Cancelled,9,Tuesday,Adult (30-44),Slow,Far,Regular
913,2024-05-08,31,Chinese,896.16,11.59,34,UPI,3.4,Delivered,5,Wednesday,Adult (30-44),Normal,Far,Premium
914,2024-06-10,55,Cafe,1035.59,10.3,77,UPI,3.6,Cancelled,6,Monday,Senior (45+),Slow,Far,Premium
915,2024-08-28,31,Indian,826.41,3.06,23,Cash,3.6,Cancelled,8,Wednesday,Adult (30-44),Fast,Near,Regular
916,2024-09-08,38,Fast Food,529.91,8.84,78,UPI,4.1,Cancelled,9,Sunday,Adult (30-44),Slow,Medium,Regular
917,2024-01-11,62,Cafe,267.66,2.03,17,Cash,4.3,Cancelled,1,Thursday,Senior (45+),Fast,Near,Budget
918,2024-08-03,24,Bakery,1096.62,14.52,88,Wallet,3.2,Delivered,8,Saturday,Young (18-29),Slow,Far,Premium
919,2024-01-06,23,Cafe,394.33,8.18,29,Card,3.9,Cancelled,1,Saturday,Young (18-29),Fast,Medium,Budget
920,2024-08-13,39,Italian,663.72,4.58,76,Cash,4.3,Cancelled,8,Tuesday,Adult (30-44),Slow,Near,Regular
921,2024-04-18,26,Italian,891.89,12.73,48,UPI,4.3,Cancelled,4,Thursday,Young (18-29),Normal,Far,Premium
922,2024-08-22,36,Bakery,790.1,5.83,64,Cash,2.7,Cancelled,8,Thursday,Adult (30-44),Slow,Medium,Regular
923,2024-12-17,23,Chinese,1040.45,13.42,45,Wallet,3.1,Cancelled,12,Tuesday,Young (18-29),Normal,Far,Premium
924,2024-03-15,32,Chinese,1071.05,13.93,69,Wallet,4.7,Delayed,3,Friday,Adult (30-44),Slow,Far,Premium
925,2024-03-12,53,Bakery,295.85,9.95,80,Wallet,2.6,Delivered,3,Tuesday,Senior (45+),Slow,Medium,Budget
926,2024-12-12,62,Indian,537.6,8.16,71,Cash,4.6,Delivered,12,Thursday,Senior (45+),Slow,Medium,Regular
927,2024-12-16,41,Chinese,1077.41,14.06,59,Card,2.9,Delayed,12,Monday,Adult (30-44),Normal,Far,Premium
928,2024-01-22,19,Bakery,1085.41,7.53,25,Card,2.5,Cancelled,1,Monday,Young (18-29),Fast,Medium,Premium
929,2024-02-14,33,Bakery,1053.42,11.56,21,Card,4.8,Cancelled,2,Wednesday,Adult (30-44),Fast,Far,Premium
930,2024-04-29,44,Cafe,372.95,8.78,62,Card,4.1,Delivered,4,Monday,Adult (30-44),Slow,Medium,Budget
931,2024-08-25,50,Italian,470.07,12.06,18,UPI,4.5,Cancelled,8,Sunday,Senior (45+),Fast,Far,Regular
932,2024-05-31,62,Cafe,993.2,9.38,56,Cash,3.1,Cancelled,5,Friday,Senior (45+),Normal,Medium,Premium
933,2024-01-28,31,Fast Food,1071.69,12.43,31,Cash,3.2,Delayed,1,Sunday,Adult (30-44),Normal,Far,Premium
934,2024-12-02,50,Indian,315.69,1.7,38,Card,4.7,Delayed,12,Monday,Senior (45+),Normal,Near,Budget
935,2024-03-03,37,Bakery,717.09,4.78,84,UPI,3.3,Delayed,3,Sunday,Adult (30-44),Slow,Near,Regular
936,2024-04-29,63,Fast Food,262.65,1.44,24,Cash,3.3,Delivered,4,Monday,Senior (45+),Fast,Near,Budget
937,2024-11-13,53,Bakery,848.62,7.95,76,Card,4.1,Delayed,11,Wednesday,Senior (45+),Slow,Medium,Regular
938,2024-11-02,65,Chinese,200.54,7.19,32,Wallet,3.1,Delayed,11,Saturday,Senior (45+),Normal,Medium,Budget
939,2024-05-25,65,Italian,870.62,1.12,37,Cash,2.6,Delayed,5,Saturday,Senior (45+),Normal,Near,Premium
940,2024-09-02,26,Italian,304.05,6.84,38,Cash,4.3,Delayed,9,Monday,Young (18-29),Normal,Medium,Budget
941,2024-03-12,27,Chinese,759.81,3.57,21,Wallet,3.6,Delayed,3,Tuesday,Young (18-29),Fast,Near,Regular
942,2024-12-12,62,Chinese,1033.94,12.99,43,Wallet,2.8,Delayed,12,Thursday,Senior (45+),Normal,Far,Premium
943,2024-05-17,40,Chinese,496.46,1.58,63,UPI,5.0,Cancelled,5,Friday,Adult (30-44),Slow,Near,Regular
944,2024-10-22,18,Italian,297.76,11.72,21,Cash,4.6,Delayed,10,Tuesday,Young (18-29),Fast,Far,Budget
945,2024-02-02,62,Italian,296.58,10.05,53,Wallet,4.0,Cancelled,2,Friday,Senior (45+),Normal,Far,Budget
946,2024-05-30,33,Bakery,754.41,7.94,46,Wallet,4.9,Delivered,5,Thursday,Adult (30-44),Normal,Medium,Regular
947,2024-08-03,45,Cafe,1147.06,12.39,48,Wallet,4.7,Delayed,8,Saturday,Senior (45+),Normal,Far,Premium
948,2024-01-27,19,Indian,1140.05,12.01,75,Cash,3.2,Delivered,1,Saturday,Young (18-29),Slow,Far,Premium
949,2024-04-12,59,Indian,877.52,8.27,80,UPI,3.4,Delayed,4,Friday,Senior (45+),Slow,Medium,Premium
950,2024-05-30,32,Bakery,658.86,6.72,32,Cash,2.8,Cancelled,5,Thursday,Adult (30-44),Normal,Medium,Regular
951,2024-12-10,62,Fast Food,599.93,5.05,45,Card,4.8,Delayed,12,Tuesday,Senior (45+),Normal,Medium,Regular
952,2024-01-23,31,Italian,666.35,8.35,50,Wallet,3.3,Delayed,1,Tuesday,Adult (30-44),Normal,Medium,Regular
953,2024-11-01,44,Cafe,922.35,2.6,44,Wallet,3.2,Cancelled,11,Friday,Adult (30-44),Normal,Near,Premium
954,2024-05-01,58,Cafe,403.53,7.65,81,Wallet,4.0,Delayed,5,Wednesday,Senior (45+),Slow,Medium,Budget
955,2024-06-21,28,Bakery,737.46,5.03,78,Card,3.8,Delayed,6,Friday,Young (18-29),Slow,Medium,Regular
956,2024-05-30,41,Italian,376.81,5.23,25,Cash,3.9,Delivered,5,Thursday,Adult (30-44),Fast,Medium,Budget
957,2024-10-23,45,Indian,1040.22,9.64,36,Cash,4.6,Cancelled,10,Wednesday,Senior (45+),Normal,Medium,Premium
958,2024-07-30,49,Italian,775.78,9.13,19,Card,5.0,Cancelled,7,Tuesday,Senior (45+),Fast,Medium,Regular
959,2024-05-04,20,Bakery,763.48,0.61,23,Wallet,3.3,Delayed,5,Saturday,Young (18-29),Fast,Near,Regular
960,2024-07-29,56,Chinese,673.35,7.23,79,Wallet,3.1,Cancelled,7,Monday,Senior (45+),Slow,Medium,Regular
961,2024-05-08,29,Chinese,338.05,2.69,42,Wallet,3.0,Delayed,5,Wednesday,Young (18-29),Normal,Near,Budget
962,2024-01-12,35,Italian,698.81,5.03,76,Wallet,4.3,Delivered,1,Friday,Adult (30-44),Slow,Medium,Regular
963,2024-08-07,26,Chinese,361.2,7.59,16,Wallet,3.4,Delivered,8,Wednesday,Young (18-29),Fast,Medium,Budget
964,2024-01-19,64,Indian,866.05,0.81,33,UPI,3.0,Cancelled,1,Friday,Senior (45+),Normal,Near,Premium
965,2024-05-11,56,Indian,521.31,9.05,67,Card,3.4,Cancelled,5,Saturday,Senior (45+),Slow,Medium,Regular
966,2024-05-19,55,Indian,686.57,8.04,64,UPI,3.1,Delivered,5,Sunday,Senior (45+),Slow,Medium,Regular
967,2024-05-25,55,Italian,785.38,2.51,28,Wallet,4.3,Delivered,5,Saturday,Senior (45+),Fast,Near,Regular
968,2024-10-24,65,Indian,1057.41,13.81,70,Wallet,4.1,Cancelled,10,Thursday,Senior (45+),Slow,Far,Premium
969,2024-01-13,46,Chinese,900.38,13.6,52,Card,4.2,Delayed,1,Saturday,Senior (45+),Normal,Far,Premium
970,2024-06-29,37,Bakery,414.29,4.38,39,Wallet,3.2,Delivered,6,Saturday,Adult (30-44),Normal,Near,Budget
971,2024-03-24,57,Bakery,243.54,12.64,15,Wallet,2.9,Cancelled,3,Sunday,Senior (45+),Fast,Far,Budget
972,2024-04-04,34,Chinese,644.06,7.21,43,Cash,4.6,Delayed,4,Thursday,Adult (30-44),Normal,Medium,Regular
973,2024-04-04,45,Cafe,341.52,8.25,83,Wallet,3.0,Cancelled,4,Thursday,Senior (45+),Slow,Medium,Budget
974,2024-11-25,38,Italian,373.5,14.23,73,UPI,3.1,Cancelled,11,Monday,Adult (30-44),Slow,Far,Budget
975,2024-01-20,53,Chinese,881.75,3.8,20,UPI,5.0,Delivered,1,Saturday,Senior (45+),Fast,Near,Premium
976,2024-02-18,34,Chinese,1052.14,10.34,79,UPI,2.8,Delivered,2,Sunday,Adult (30-44),Slow,Far,Premium
977,2024-04-05,39,Bakery,234.48,11.78,48,Wallet,2.5,Delivered,4,Friday,Adult (30-44),Normal,Far,Budget
978,2024-02-16,22,Indian,986.97,3.54,89,Cash,2.7,Delayed,2,Friday,Young (18-29),Slow,Near,Premium
979,2024-07-23,52,Fast Food,597.4,6.26,30,Cash,3.3,Cancelled,7,Tuesday,Senior (45+),Normal,Medium,Regular
980,2024-08-23,19,Indian,1022.47,1.04,26,Cash,4.2,Delivered,8,Friday,Young (18-29),Fast,Near,Premium
981,2024-10-12,33,Cafe,558.99,10.99,25,UPI,3.3,Delayed,10,Saturday,Adult (30-44),Fast,Far,Regular
982,2024-12-18,23,Italian,330.8,9.87,42,Cash,3.0,Delayed,12,Wednesday,Young (18-29),Normal,Medium,Budget
983,2024-04-02,30,Cafe,527.37,7.35,19,Card,3.7,Cancelled,4,Tuesday,Adult (30-44),Fast,Medium,Regular
984,2024-03-29,43,Italian,1173.2,11.28,60,Cash,2.6,Delivered,3,Friday,Adult (30-44),Slow,Far,Premium
985,2024-08-23,53,Cafe,316.51,5.98,52,UPI,3.5,Delivered,8,Friday,Senior (45+),Normal,Medium,Budget
986,2024-09-03,64,Italian,269.29,2.47,60,Wallet,3.9,Cancelled,9,Tuesday,Senior (45+),Slow,Near,Budget
987,2024-12-16,46,Fast Food,672.41,12.17,67,Cash,4.3,Cancelled,12,Monday,Senior (45+),Slow,Far,Regular
988,2024-11-22,49,Indian,688.94,2.16,21,Wallet,4.3,Delivered,11,Friday,Senior (45+),Fast,Near,Regular
989,2024-09-15,46,Bakery,255.98,13.02,59,Cash,4.1,Delivered,9,Sunday,Senior (45+),Normal,Far,Budget
990,2024-03-15,58,Chinese,493.76,4.09,32,Wallet,4.4,Cancelled,3,Friday,Senior (45+),Normal,Near,Regular
991,2024-10-19,47,Bakery,187.33,13.31,18,Wallet,2.9,Cancelled,10,Saturday,Senior (45+),Fast,Far,Budget
992,2024-01-02,55,Chinese,662.06,11.87,41,Cash,3.4,Cancelled,1,Tuesday,Senior (45+),Normal,Far,Regular
993,2024-03-01,38,Fast Food,605.55,1.64,71,Wallet,3.6,Delivered,3,Friday,Adult (30-44),Slow,Near,Regular
994,2024-05-07,53,Bakery,608.15,13.49,29,Cash,2.9,Cancelled,5,Tuesday,Senior (45+),Fast,Far,Regular
995,2024-10-04,53,Fast Food,684.22,13.15,68,Cash,4.7,Cancelled,10,Friday,Senior (45+),Slow,Far,Regular
996,2024-07-09,53,Bakery,598.32,11.73,59,Card,2.8,Delivered,7,Tuesday,Senior (45+),Normal,Far,Regular
997,2024-05-19,46,Italian,436.3,10.79,29,Card,2.6,Cancelled,5,Sunday,Senior (45+),Fast,Far,Budget
998,2024-09-08,28,Chinese,489.28,8.66,52,UPI,4.7,Delayed,9,Sunday,Young (18-29),Normal,Medium,Regular
999,2024-04-20,28,Bakery,586.28,1.45,65,Wallet,3.3,Cancelled,4,Saturday,Young (18-29),Slow,Near,Regular
1000,2024-03-07,54,Italian,958.93,9.53,51,Cash,3.3,Cancelled,3,Thursday,Senior (45+),Normal,Medium,Premium
1001,2024-07-01,28,Chinese,522.36,6.64,49,UPI,3.3,Cancelled,7,Monday,Young (18-29),Normal,Medium,Regular
1002,2024-02-11,18,Chinese,394.67,0.75,73,Wallet,4.2,Delivered,2,Sunday,Young (18-29),Slow,Near,Budget
1003,2024-01-23,31,Italian,1018.66,13.24,22,Card,3.9,Delayed,1,Tuesday,Adult (30-44),Fast,Far,Premium
1004,2024-11-26,26,Chinese,462.21,6.79,60,Cash,4.1,Delivered,11,Tuesday,Young (18-29),Slow,Medium,Regular
1005,2024-12-24,54,Italian,231.49,9.25,77,UPI,2.9,Delayed,12,Tuesday,Senior (45+),Slow,Medium,Budget
1006,2024-05-06,35,Cafe,193.09,13.17,53,UPI,4.2,Cancelled,5,Monday,Adult (30-44),Normal,Far,Budget
1007,2024-04-17,51,Cafe,480.08,4.61,16,Cash,4.3,Delayed,4,Wednesday,Senior (45+),Fast,Near,Regular
1008,2024-03-22,36,Cafe,716.64,7.63,84,UPI,4.7,Cancelled,3,Friday,Adult (30-44),Slow,Medium,Regular
1009,2024-03-19,27,Fast Food,319.9,2.56,85,Card,2.7,Cancelled,3,Tuesday,Young (18-29),Slow,Near,Budget
1010,2024-09-16,55,Bakery,579.19,13.98,47,Wallet,4.1,Delayed,9,Monday,Senior (45+),Normal,Far,Regular
1011,2024-03-11,38,Chinese,261.83,0.85,86,Wallet,3.3,Delivered,3,Monday,Adult (30-44),Slow,Near,Budget
1012,2024-01-14,28,Cafe,899.89,5.91,48,UPI,4.0,Delivered,1,Sunday,Young (18-29),Normal,Medium,Premium
1013,2024-06-13,61,Chinese,1000.59,6.4,74,Card,4.0,Cancelled,6,Thursday,Senior (45+),Slow,Medium,Premium
1014,2024-11-17,29,Chinese,601.46,10.06,42,UPI,3.9,Delivered,11,Sunday,Young (18-29),Normal,Far,Regular
1015,2024-03-26,34,Bakery,1063.13,6.96,61,UPI,4.2,Delivered,3,Tuesday,Adult (30-44),Slow,Medium,Premium
1016,2024-11-01,33,Cafe,868.36,6.91,82,UPI,4.1,Cancelled,11,Friday,Adult (30-44),Slow,Medium,Premium
1017,2024-01-13,45,Fast Food,333.36,5.23,84,Card,3.9,Delivered,1,Saturday,Senior (45+),Slow,Medium,Budget
1018,2024-07-26,42,Cafe,372.81,13.56,24,Card,2.7,Delivered,7,Friday,Adult (30-44),Fast,Far,Budget
1019,2024-10-10,60,Cafe,259.55,3.88,39,Cash,2.8,Delivered,10,Thursday,Senior (45+),Normal,Near,Budget
1020,2024-12-04,61,Italian,633.95,8.71,43,UPI,4.2,Delayed,12,Wednesday,Senior (45+),Normal,Medium,Regular
1021,2024-08-11,19,Fast Food,200.56,5.68,64,Cash,3.7,Cancelled,8,Sunday,Young (18-29),Slow,Medium,Budget
1022,2024-05-18,55,Bakery,794.91,6.77,33,UPI,4.0,Delivered,5,Saturday,Senior (45+),Normal,Medium,Regular
1023,2024-03-16,34,Indian,564.67,6.39,65,Card,3.7,Delivered,3,Saturday,Adult (30-44),Slow,Medium,Regular
1024,2024-12-29,34,Bakery,1133.88,14.62,31,Wallet,2.5,Delayed,12,Sunday,Adult (30-44),Normal,Far,Premium
1025,2024-10-29,19,Chinese,174.83,2.51,24,Cash,3.9,Delayed,10,Tuesday,Young (18-29),Fast,Near,Budget
1026,2024-11-28,63,Chinese,787.98,9.73,48,Cash,3.0,Delivered,11,Thursday,Senior (45+),Normal,Medium,Regular
1027,2024-08-25,19,Chinese,1136.43,3.68,19,Card,3.4,Cancelled,8,Sunday,Young (18-29),Fast,Near,Premium
1028,2024-03-09,54,Bakery,1081.02,13.55,71,Card,4.1,Cancelled,3,Saturday,Senior (45+),Slow,Far,Premium
1029,2024-01-25,18,Indian,959.94,2.52,28,Wallet,4.6,Delayed,1,Thursday,Young (18-29),Fast,Near,Premium
1030,2024-07-03,40,Chinese,791.12,10.51,64,UPI,4.9,Delivered,7,Wednesday,Adult (30-44),Slow,Far,Regular
1031,2024-05-12,20,Bakery,180.08,2.77,33,Cash,3.7,Delivered,5,Sunday,Young (18-29),Normal,Near,Budget
1032,2024-06-30,46,Indian,285.11,2.13,50,Wallet,4.8,Delivered,6,Sunday,Senior (45+),Normal,Near,Budget
1033,2024-10-17,65,Italian,1082.95,3.01,52,Card,4.2,Cancelled,10,Thursday,Senior (45+),Normal,Near,Premium
1034,2024-07-17,28,Cafe,787.89,7.24,47,UPI,4.0,Delivered,7,Wednesday,Young (18-29),Normal,Medium,Regular
1035,2024-09-05,63,Indian,882.61,0.69,30,Cash,4.0,Cancelled,9,Thursday,Senior (45+),Normal,Near,Premium
1036,2024-07-27,44,Chinese,673.41,2.96,86,Wallet,4.3,Cancelled,7,Saturday,Adult (30-44),Slow,Near,Regular
1037,2024-12-19,29,Bakery,887.11,3.9,16,UPI,3.2,Delivered,12,Thursday,Young (18-29),Fast,Near,Premium
1038,2024-02-29,19,Italian,321.96,9.19,40,Wallet,3.7,Cancelled,2,Thursday,Young (18-29),Normal,Medium,Budget
1039,2024-05-17,58,Italian,569.27,1.0,71,Wallet,4.7,Delayed,5,Friday,Senior (45+),Slow,Near,Regular
1040,2024-12-04,34,Bakery,983.96,10.08,21,Wallet,3.0,Delayed,12,Wednesday,Adult (30-44),Fast,Far,Premium
1041,2024-10-25,54,Indian,784.92,6.38,18,UPI,3.4,Cancelled,10,Friday,Senior (45+),Fast,Medium,Regular
1042,2024-11-04,65,Bakery,521.59,13.89,55,Card,4.3,Delivered,11,Monday,Senior (45+),Normal,Far,Regular
1043,2024-04-24,36,Cafe,604.22,0.62,60,Cash,4.7,Delivered,4,Wednesday,Adult (30-44),Slow,Near,Regular
1044,2024-07-06,31,Italian,694.44,2.67,77,UPI,4.0,Cancelled,7,Saturday,Adult (30-44),Slow,Near,Regular
1045,2024-05-13,25,Fast Food,473.93,11.68,53,Cash,4.9,Cancelled,5,Monday,Young (18-29),Normal,Far,Regular
1046,2024-04-23,51,Cafe,1143.01,4.49,50,Card,4.1,Delivered,4,Tuesday,Senior (45+),Normal,Near,Premium
1047,2024-03-08,48,Bakery,263.31,8.38,67,Cash,4.3,Delivered,3,Friday,Senior (45+),Slow,Medium,Budget
1048,2024-04-20,56,Italian,865.14,14.17,24,Wallet,3.7,Cancelled,4,Saturday,Senior (45+),Fast,Far,Premium
1049,2024-03-14,63,Cafe,283.4,5.37,82,UPI,2.5,Cancelled,3,Thursday,Senior (45+),Slow,Medium,Budget
1050,2024-11-12,51,Indian,1144.56,6.46,70,Cash,4.9,Cancelled,11,Tuesday,Senior (45+),Slow,Medium,Premium
1051,2024-11-30,31,Fast Food,633.95,6.37,27,UPI,3.3,Cancelled,11,Saturday,Adult (30-44),Fast,Medium,Regular
1052,2024-10-02,31,Bakery,1116.93,12.06,59,Cash,4.7,Delivered,10,Wednesday,Adult (30-44),Normal,Far,Premium
1053,2024-12-25,27,Chinese,263.36,0.94,71,Cash,4.7,Delayed,12,Wednesday,Young (18-29),Slow,Near,Budget
1054,2024-06-30,51,Indian,439.59,8.12,35,UPI,4.0,Delivered,6,Sunday,Senior (45+),Normal,Medium,Budget
1055,2024-05-06,18,Italian,312.33,12.58,74,Wallet,4.4,Cancelled,5,Monday,Young (18-29),Slow,Far,Budget
1056,2024-02-27,38,Bakery,394.52,7.86,85,UPI,3.8,Cancelled,2,Tuesday,Adult (30-44),Slow,Medium,Budget
1057,2024-06-29,54,Indian,863.91,6.26,23,Card,4.2,Delivered,6,Saturday,Senior (45+),Fast,Medium,Premium
1058,2024-07-28,18,Bakery,1086.52,14.73,43,Wallet,3.7,Delivered,7,Sunday,Young (18-29),Normal,Far,Premium
1059,2024-06-21,30,Cafe,533.89,5.48,42,Wallet,3.8,Cancelled,6,Friday,Adult (30-44),Normal,Medium,Regular
1060,2024-01-20,19,Fast Food,719.69,2.51,71,Wallet,4.5,Delayed,1,Saturday,Young (18-29),Slow,Near,Regular
1061,2024-11-07,29,Fast Food,783.35,3.19,33,UPI,3.0,Cancelled,11,Thursday,Young (18-29),Normal,Near,Regular
1062,2024-09-29,38,Fast Food,460.28,10.52,41,Wallet,2.5,Cancelled,9,Sunday,Adult (30-44),Normal,Far,Regular
1063,2024-09-02,32,Bakery,385.99,6.62,45,Card,3.8,Cancelled,9,Monday,Adult (30-44),Normal,Medium,Budget
1064,2024-02-16,21,Bakery,597.91,4.98,67,Card,4.0,Delayed,2,Friday,Young (18-29),Slow,Near,Regular
1065,2024-08-25,24,Bakery,827.65,10.68,68,Cash,3.1,Delayed,8,Sunday,Young (18-29),Slow,Far,Regular
1066,2024-09-20,64,Fast Food,870.91,12.97,38,Card,3.1,Delayed,9,Friday,Senior (45+),Normal,Far,Premium
1067,2024-12-18,60,Bakery,593.64,3.6,37,UPI,2.8,Cancelled,12,Wednesday,Senior (45+),Normal,Near,Regular
1068,2024-08-04,40,Fast Food,169.03,13.47,36,Cash,2.5,Delayed,8,Sunday,Adult (30-44),Normal,Far,Budget
1069,2024-05-03,35,Cafe,284.87,1.02,46,UPI,4.1,Delivered,5,Friday,Adult (30-44),Normal,Near,Budget
1070,2024-07-30,57,Indian,485.8,3.66,45,Card,3.7,Cancelled,7,Tuesday,Senior (45+),Normal,Near,Regular
1071,2024-01-28,63,Bakery,653.36,12.94,38,Card,3.0,Cancelled,1,Sunday,Senior (45+),Normal,Far,Regular
1072,2024-02-25,39,Fast Food,861.69,10.39,22,Cash,4.6,Delivered,2,Sunday,Adult (30-44),Fast,Far,Premium
1073,2024-07-25,62,Cafe,1017.58,10.46,74,Card,4.5,Delivered,7,Thursday,Senior (45+),Slow,Far,Premium
1074,2024-06-24,18,Fast Food,1063.23,3.09,54,Wallet,3.6,Cancelled,6,Monday,Young (18-29),Normal,Near,Premium
1075,2024-09-06,21,Cafe,688.71,0.82,45,Card,3.4,Delivered,9,Friday,Young (18-29),Normal,Near,Regular
1076,2024-12-14,46,Cafe,786.1,13.81,58,Wallet,2.7,Cancelled,12,Saturday,Senior (45+),Normal,Far,Regular
1077,2024-09-18,33,Bakery,917.0,1.72,47,Wallet,2.5,Delayed,9,Wednesday,Adult (30-44),Normal,Near,Premium
1078,2024-10-27,55,Bakery,607.37,9.27,70,Cash,3.8,Delivered,10,Sunday,Senior (45+),Slow,Medium,Regular
1079,2024-03-03,25,Bakery,912.39,8.66,26,Wallet,2.8,Delayed,3,Sunday,Young (18-29),Fast,Medium,Premium
1080,2024-04-06,25,Fast Food,1088.0,7.39,59,Card,3.2,Cancelled,4,Saturday,Young (18-29),Normal,Medium,Premium
1081,2024-03-01,24,Fast Food,343.45,8.72,78,Cash,4.4,Cancelled,3,Friday,Young (18-29),Slow,Medium,Budget
1082,2024-08-01,21,Fast Food,253.99,1.83,76,UPI,4.7,Delayed,8,Thursday,Young (18-29),Slow,Near,Budget
1083,2024-02-29,51,Indian,368.12,10.32,81,Cash,4.1,Delayed,2,Thursday,Senior (45+),Slow,Far,Budget
1084,2024-10-09,65,Cafe,770.48,1.61,70,Cash,4.9,Delayed,10,Wednesday,Senior (45+),Slow,Near,Regular
1085,2024-10-11,60,Cafe,760.6,13.14,58,UPI,2.8,Delayed,10,Friday,Senior (45+),Normal,Far,Regular
1086,2024-09-12,21,Fast Food,694.14,8.74,22,Wallet,3.8,Delivered,9,Thursday,Young (18-29),Fast,Medium,Regular
1087,2024-11-08,61,Fast Food,985.23,11.36,18,Cash,4.2,Delayed,11,Friday,Senior (45+),Fast,Far,Premium
1088,2024-07-01,45,Italian,1053.84,11.7,25,Wallet,4.1,Cancelled,7,Monday,Senior (45+),Fast,Far,Premium
1089,2024-05-15,28,Chinese,547.93,10.06,39,Wallet,4.4,Delivered,5,Wednesday,Young (18-29),Normal,Far,Regular
1090,2024-02-13,57,Fast Food,455.7,2.25,83,Card,2.8,Delayed,2,Tuesday,Senior (45+),Slow,Near,Regular
1091,2024-08-18,21,Indian,517.78,8.99,35,UPI,3.8,Delayed,8,Sunday,Young (18-29),Normal,Medium,Regular
1092,2024-03-20,31,Italian,1031.15,1.17,30,UPI,3.0,Delayed,3,Wednesday,Adult (30-44),Normal,Near,Premium
1093,2024-06-18,19,Fast Food,215.63,3.92,55,Wallet,4.8,Delivered,6,Tuesday,Young (18-29),Normal,Near,Budget
1094,2024-01-22,21,Cafe,1101.2,13.64,89,UPI,2.7,Delivered,1,Monday,Young (18-29),Slow,Far,Premium
1095,2024-11-10,19,Italian,898.76,7.61,54,Cash,3.9,Delivered,11,Sunday,Young (18-29),Normal,Medium,Premium
1096,2024-10-11,39,Bakery,379.22,0.57,71,Wallet,2.8,Cancelled,10,Friday,Adult (30-44),Slow,Near,Budget
1097,2024-02-13,50,Chinese,1124.53,5.77,22,Cash,2.8,Cancelled,2,Tuesday,Senior (45+),Fast,Medium,Premium
1098,2024-08-15,22,Fast Food,931.9,4.83,87,Cash,4.6,Delayed,8,Thursday,Young (18-29),Slow,Near,Premium
1099,2024-11-24,29,Cafe,779.96,8.47,41,Wallet,2.9,Delayed,11,Sunday,Young (18-29),Normal,Medium,Regular
1100,2024-12-04,63,Bakery,1083.6,4.93,67,Card,3.7,Cancelled,12,Wednesday,Senior (45+),Slow,Near,Premium
1101,2024-08-12,24,Indian,944.48,1.21,63,UPI,4.9,Delivered,8,Monday,Young (18-29),Slow,Near,Premium
1102,2024-06-28,38,Cafe,554.24,0.61,53,Card,4.0,Delivered,6,Friday,Adult (30-44),Normal,Near,Regular
1103,2024-10-13,42,Bakery,172.19,8.54,31,Cash,3.3,Cancelled,10,Sunday,Adult (30-44),Normal,Medium,Budget
1104,2024-06-10,38,Italian,1043.84,9.8,59,Card,4.9,Delivered,6,Monday,Adult (30-44),Normal,Medium,Premium
1105,2024-04-15,50,Cafe,835.14,4.14,15,UPI,3.0,Cancelled,4,Monday,Senior (45+),Fast,Near,Regular
1106,2024-02-09,37,Cafe,728.5,9.95,53,Wallet,3.3,Cancelled,2,Friday,Adult (30-44),Normal,Medium,Regular
1107,2024-05-13,42,Fast Food,259.76,8.8,53,Card,3.6,Delayed,5,Monday,Adult (30-44),Normal,Medium,Budget
1108,2024-09-19,55,Bakery,614.51,4.3,83,Wallet,3.2,Delayed,9,Thursday,Senior (45+),Slow,Near,Regular
1109,2024-05-30,29,Fast Food,613.31,10.03,54,Cash,2.6,Delayed,5,Thursday,Young (18-29),Normal,Far,Regular
1110,2024-04-28,62,Fast Food,543.08,4.84,22,Cash,3.3,Cancelled,4,Sunday,Senior (45+),Fast,Near,Regular
1111,2024-03-16,58,Indian,374.62,9.82,21,Card,4.8,Delayed,3,Saturday,Senior (45+),Fast,Medium,Budget
1112,2024-09-23,27,Bakery,406.44,1.81,50,Wallet,3.6,Cancelled,9,Monday,Young (18-29),Normal,Near,Budget
1113,2024-05-02,59,Bakery,988.12,8.91,89,Wallet,3.7,Delayed,5,Thursday,Senior (45+),Slow,Medium,Premium
1114,2024-04-23,30,Fast Food,470.08,4.97,30,Wallet,2.9,Delayed,4,Tuesday,Adult (30-44),Normal,Near,Regular
1115,2024-11-13,52,Indian,855.38,13.84,64,Card,3.6,Delayed,11,Wednesday,Senior (45+),Slow,Far,Premium
1116,2024-02-16,27,Indian,667.47,9.21,38,UPI,4.9,Delivered,2,Friday,Young (18-29),Normal,Medium,Regular
1117,2024-10-27,42,Chinese,560.77,7.9,51,Card,3.0,Cancelled,10,Sunday,Adult (30-44),Normal,Medium,Regular
1118,2024-03-13,30,Cafe,1115.96,2.14,77,UPI,4.1,Delivered,3,Wednesday,Adult (30-44),Slow,Near,Premium
1119,2024-08-22,56,Italian,269.92,3.43,82,Card,3.3,Cancelled,8,Thursday,Senior (45+),Slow,Near,Budget
1120,2024-11-12,54,Cafe,173.64,14.82,87,Wallet,2.6,Delivered,11,Tuesday,Senior (45+),Slow,Far,Budget
1121,2024-12-31,31,Cafe,845.45,12.85,29,Wallet,2.5,Cancelled,12,Tuesday,Adult (30-44),Fast,Far,Regular
1122,2024-02-22,60,Indian,1022.95,14.38,42,Cash,3.8,Delivered,2,Thursday,Senior (45+),Normal,Far,Premium
1123,2024-07-31,22,Cafe,276.24,13.91,35,Cash,2.8,Delayed,7,Wednesday,Young (18-29),Normal,Far,Budget
1124,2024-05-10,39,Italian,1059.31,8.45,52,Wallet,3.8,Cancelled,5,Friday,Adult (30-44),Normal,Medium,Premium
1125,2024-08-14,22,Bakery,729.0,9.65,57,Card,2.8,Delayed,8,Wednesday,Young (18-29),Normal,Medium,Regular
1126,2024-01-19,34,Chinese,516.24,8.41,41,Card,2.8,Delivered,1,Friday,Adult (30-44),Normal,Medium,Regular
1127,2024-11-13,40,Bakery,362.85,5.81,88,Card,3.0,Delivered,11,Wednesday,Adult (30-44),Slow,Medium,Budget
1128,2024-08-10,29,Indian,1047.0,14.93,60,Cash,3.8,Cancelled,8,Saturday,Young (18-29),Slow,Far,Premium
1129,2024-01-29,42,Cafe,983.01,11.6,26,Card,4.7,Delayed,1,Monday,Adult (30-44),Fast,Far,Premium
1130,2024-02-24,60,Bakery,406.87,10.59,60,Card,2.7,Cancelled,2,Saturday,Senior (45+),Slow,Far,Budget
1131,2024-10-12,50,Italian,244.42,1.56,76,UPI,3.9,Delayed,10,Saturday,Senior (45+),Slow,Near,Budget
1132,2024-05-24,63,Indian,594.15,7.88,90,Cash,3.5,Delayed,5,Friday,Senior (45+),Slow,Medium,Regular
1133,2024-11-06,54,Indian,373.42,11.72,86,Wallet,3.5,Delayed,11,Wednesday,Senior (45+),Slow,Far,Budget
1134,2024-12-23,23,Chinese,505.93,5.06,35,Cash,3.6,Cancelled,12,Monday,Young (18-29),Normal,Medium,Regular
1135,2024-11-24,41,Cafe,843.51,3.04,57,Cash,3.6,Delivered,11,Sunday,Adult (30-44),Normal,Near,Regular
1136,2024-10-30,28,Fast Food,160.98,11.32,85,UPI,4.2,Delayed,10,Wednesday,Young (18-29),Slow,Far,Budget
1137,2024-02-23,28,Chinese,740.22,12.39,83,Cash,4.8,Cancelled,2,Friday,Young (18-29),Slow,Far,Regular
1138,2024-12-16,65,Chinese,561.19,11.57,32,Card,3.1,Delayed,12,Monday,Senior (45+),Normal,Far,Regular
1139,2024-03-17,37,Bakery,316.91,2.52,26,Wallet,4.5,Delayed,3,Sunday,Adult (30-44),Fast,Near,Budget
1140,2024-07-04,31,Bakery,1083.4,6.74,57,UPI,4.7,Cancelled,7,Thursday,Adult (30-44),Normal,Medium,Premium
1141,2024-07-04,25,Fast Food,917.2,7.05,84,Cash,4.3,Cancelled,7,Thursday,Young (18-29),Slow,Medium,Premium
1142,2024-05-11,61,Chinese,1016.11,1.83,64,Card,3.2,Cancelled,5,Saturday,Senior (45+),Slow,Near,Premium
1143,2024-08-22,65,Chinese,857.71,13.4,69,Card,3.1,Cancelled,8,Thursday,Senior (45+),Slow,Far,Premium
1144,2024-11-08,29,Italian,886.94,5.67,35,Cash,4.6,Delayed,11,Friday,Young (18-29),Normal,Medium,Premium
1145,2024-01-29,50,Fast Food,812.05,7.16,35,Card,3.8,Cancelled,1,Monday,Senior (45+),Normal,Medium,Regular
1146,2024-06-13,21,Italian,346.56,1.62,46,Card,4.6,Delivered,6,Thursday,Young (18-29),Normal,Near,Budget
1147,2024-02-13,36,Chinese,827.0,2.4,34,Cash,3.2,Delayed,2,Tuesday,Adult (30-44),Normal,Near,Regular
1148,2024-01-06,62,Fast Food,585.97,8.98,16,Card,2.6,Delayed,1,Saturday,Senior (45+),Fast,Medium,Regular
1149,2024-12-02,52,Fast Food,502.02,2.57,33,Wallet,3.2,Cancelled,12,Monday,Senior (45+),Normal,Near,Regular
1150,2024-09-21,56,Chinese,1109.85,11.96,16,Cash,2.9,Delivered,9,Saturday,Senior (45+),Fast,Far,Premium
1151,2024-08-02,44,Cafe,992.33,13.9,68,Cash,4.0,Cancelled,8,Friday,Adult (30-44),Slow,Far,Premium
1152,2024-12-08,35,Chinese,314.17,13.16,69,UPI,4.8,Delivered,12,Sunday,Adult (30-44),Slow,Far,Budget
1153,2024-07-19,45,Indian,1047.7,12.0,57,Card,2.5,Delivered,7,Friday,Senior (45+),Normal,Far,Premium
1154,2024-12-13,18,Bakery,1080.21,4.23,61,Card,3.8,Cancelled,12,Friday,Young (18-29),Slow,Near,Premium
1155,2024-01-05,41,Indian,627.61,10.38,36,UPI,4.7,Delayed,1,Friday,Adult (30-44),Normal,Far,Regular
1156,2024-12-04,25,Indian,602.62,14.29,59,Card,3.4,Cancelled,12,Wednesday,Young (18-29),Normal,Far,Regular
1157,2024-03-25,31,Chinese,256.85,3.19,39,UPI,2.7,Delayed,3,Monday,Adult (30-44),Normal,Near,Budget
1158,2024-02-05,54,Indian,251.57,9.37,72,Cash,4.6,Delivered,2,Monday,Senior (45+),Slow,Medium,Budget
1159,2024-04-19,49,Cafe,419.86,1.55,65,Card,4.0,Cancelled,4,Friday,Senior (45+),Slow,Near,Budget
1160,2024-10-02,20,Cafe,569.89,9.15,39,UPI,4.8,Delayed,10,Wednesday,Young (18-29),Normal,Medium,Regular
1161,2024-04-25,46,Bakery,940.7,14.35,59,UPI,3.7,Delayed,4,Thursday,Senior (45+),Normal,Far,Premium
1162,2024-01-22,45,Cafe,507.47,0.53,53,UPI,3.3,Delivered,1,Monday,Senior (45+),Normal,Near,Regular
1163,2024-03-03,33,Indian,500.67,1.9,36,Card,3.5,Cancelled,3,Sunday,Adult (30-44),Normal,Near,Regular
1164,2024-09-11,18,Italian,1038.74,10.61,48,Wallet,4.6,Cancelled,9,Wednesday,Young (18-29),Normal,Far,Premium
1165,2024-03-16,34,Cafe,749.03,0.6,67,Wallet,4.8,Cancelled,3,Saturday,Adult (30-44),Slow,Near,Regular
1166,2024-07-26,58,Bakery,849.32,6.76,74,Wallet,4.4,Delayed,7,Friday,Senior (45+),Slow,Medium,Regular
1167,2024-09-06,37,Bakery,1081.07,4.86,20,Card,3.5,Delivered,9,Friday,Adult (30-44),Fast,Near,Premium
1168,2024-09-02,24,Cafe,779.02,6.88,65,Card,4.5,Delivered,9,Monday,Young (18-29),Slow,Medium,Regular
1169,2024-01-04,51,Bakery,211.6,10.17,22,Cash,3.6,Delayed,1,Thursday,Senior (45+),Fast,Far,Budget
1170,2024-01-24,30,Fast Food,392.46,9.97,29,Wallet,4.0,Cancelled,1,Wednesday,Adult (30-44),Fast,Medium,Budget
1171,2024-10-13,58,Cafe,537.14,6.19,49,Card,2.7,Delivered,10,Sunday,Senior (45+),Normal,Medium,Regular
1172,2024-08-27,49,Chinese,332.9,13.49,39,Wallet,3.0,Delayed,8,Tuesday,Senior (45+),Normal,Far,Budget
1173,2024-02-15,32,Fast Food,1140.35,1.05,80,Wallet,3.2,Delivered,2,Thursday,Adult (30-44),Slow,Near,Premium
1174,2024-12-21,54,Bakery,616.99,10.98,71,Wallet,3.8,Cancelled,12,Saturday,Senior (45+),Slow,Far,Regular
1175,2024-07-24,61,Cafe,609.42,7.56,49,Card,2.8,Cancelled,7,Wednesday,Senior (45+),Normal,Medium,Regular
1176,2024-09-18,49,Bakery,992.85,13.04,46,UPI,4.6,Cancelled,9,Wednesday,Senior (45+),Normal,Far,Premium
1177,2024-05-07,52,Cafe,471.45,2.05,59,Wallet,2.6,Cancelled,5,Tuesday,Senior (45+),Normal,Near,Regular
1178,2024-08-28,45,Fast Food,568.0,4.28,60,Card,3.0,Delayed,8,Wednesday,Senior (45+),Slow,Near,Regular
1179,2024-07-20,38,Bakery,1110.5,3.11,89,UPI,3.2,Cancelled,7,Saturday,Adult (30-44),Slow,Near,Premium
1180,2024-10-31,28,Fast Food,318.62,9.48,27,Card,3.5,Cancelled,10,Thursday,Young (18-29),Fast,Medium,Budget
1181,2024-01-04,63,Cafe,1001.51,2.13,22,Wallet,4.7,Delayed,1,Thursday,Senior (45+),Fast,Near,Premium
1182,2024-12-06,28,Italian,1196.73,14.12,40,Cash,3.9,Delayed,12,Friday,Young (18-29),Normal,Far,Premium
1183,2024-11-16,56,Indian,794.77,7.16,86,Cash,4.3,Delivered,11,Saturday,Senior (45+),Slow,Medium,Regular
1184,2024-03-30,34,Indian,623.53,9.62,19,Wallet,4.5,Cancelled,3,Saturday,Adult (30-44),Fast,Medium,Regular
1185,2024-04-16,29,Fast Food,608.63,10.39,33,Wallet,4.2,Delayed,4,Tuesday,Young (18-29),Normal,Far,Regular
1186,2024-01-27,54,Italian,698.98,14.68,55,UPI,4.6,Cancelled,1,Saturday,Senior (45+),Normal,Far,Regular
1187,2024-11-30,33,Indian,534.47,3.68,80,UPI,3.4,Delivered,11,Saturday,Adult (30-44),Slow,Near,Regular
1188,2024-10-24,62,Bakery,313.51,12.29,17,UPI,4.7,Cancelled,10,Thursday,Senior (45+),Fast,Far,Budget
1189,2024-11-27,53,Italian,215.0,7.79,79,UPI,4.2,Cancelled,11,Wednesday,Senior (45+),Slow,Medium,Budget
1190,2024-01-19,46,Italian,315.62,9.54,48,Card,3.3,Cancelled,1,Friday,Senior (45+),Normal,Medium,Budget
1191,2024-03-27,59,Cafe,843.0,7.27,37,Wallet,3.2,Delivered,3,Wednesday,Senior (45+),Normal,Medium,Regular
1192,2024-11-05,38,Chinese,393.45,9.07,76,UPI,3.7,Delayed,11,Tuesday,Adult (30-44),Slow,Medium,Budget
1193,2024-08-20,59,Italian,795.26,12.29,59,Wallet,3.1,Delivered,8,Tuesday,Senior (45+),Normal,Far,Regular
1194,2024-11-29,45,Fast Food,834.81,12.88,42,UPI,3.9,Delayed,11,Friday,Senior (45+),Normal,Far,Regular
1195,2024-01-25,61,Fast Food,668.31,14.34,66,UPI,4.1,Delivered,1,Thursday,Senior (45+),Slow,Far,Regular
1196,2024-07-19,57,Indian,908.06,8.21,28,UPI,2.8,Delivered,7,Friday,Senior (45+),Fast,Medium,Premium
1197,2024-03-20,29,Bakery,252.38,14.62,20,UPI,3.1,Cancelled,3,Wednesday,Young (18-29),Fast,Far,Budget
1198,2024-12-05,49,Fast Food,481.83,4.24,71,Cash,3.8,Delayed,12,Thursday,Senior (45+),Slow,Near,Regular
1199,2024-01-19,63,Fast Food,850.73,5.46,76,Wallet,3.9,Cancelled,1,Friday,Senior (45+),Slow,Medium,Premium
1200,2024-03-12,30,Chinese,164.21,5.61,33,UPI,3.4,Cancelled,3,Tuesday,Adult (30-44),Normal,Medium,Budget
1201,2024-11-28,31,Indian,679.67,6.84,22,Card,3.6,Delivered,11,Thursday,Adult (30-44),Fast,Medium,Regular
1202,2024-02-24,33,Chinese,586.55,7.97,27,Wallet,3.4,Delivered,2,Saturday,Adult (30-44),Fast,Medium,Regular
1203,2024-01-02,21,Bakery,894.17,12.03,23,Card,2.5,Cancelled,1,Tuesday,Young (18-29),Fast,Far,Premium
1204,2024-01-21,65,Chinese,627.72,9.93,62,UPI,4.9,Cancelled,1,Sunday,Senior (45+),Slow,Medium,Regular
1205,2024-08-20,64,Bakery,170.9,1.78,19,Card,3.3,Cancelled,8,Tuesday,Senior (45+),Fast,Near,Budget
1206,2024-06-05,32,Fast Food,684.12,10.73,54,Wallet,2.7,Cancelled,6,Wednesday,Adult (30-44),Normal,Far,Regular
1207,2024-06-29,65,Cafe,334.45,10.1,16,Wallet,3.1,Delivered,6,Saturday,Senior (45+),Fast,Far,Budget
1208,2024-12-12,52,Cafe,745.51,5.73,89,UPI,3.0,Delivered,12,Thursday,Senior (45+),Slow,Medium,Regular
1209,2024-08-02,26,Fast Food,960.01,8.1,59,Wallet,3.1,Delivered,8,Friday,Young (18-29),Normal,Medium,Premium
1210,2024-01-08,32,Italian,308.58,12.27,56,UPI,4.7,Delayed,1,Monday,Adult (30-44),Normal,Far,Budget
1211,2024-06-11,49,Indian,229.52,13.26,38,Wallet,3.5,Delivered,6,Tuesday,Senior (45+),Normal,Far,Budget
1212,2024-12-10,27,Bakery,721.5,2.61,58,Cash,2.6,Cancelled,12,Tuesday,Young (18-29),Normal,Near,Regular
1213,2024-09-21,50,Chinese,700.31,3.99,79,UPI,3.4,Delayed,9,Saturday,Senior (45+),Slow,Near,Regular
1214,2024-05-19,37,Chinese,593.28,10.1,15,UPI,4.2,Delivered,5,Sunday,Adult (30-44),Fast,Far,Regular
1215,2024-11-16,54,Indian,338.32,1.51,22,Wallet,3.7,Delayed,11,Saturday,Senior (45+),Fast,Near,Budget
1216,2024-06-30,45,Bakery,1102.1,12.95,40,Cash,2.5,Cancelled,6,Sunday,Senior (45+),Normal,Far,Premium
1217,2024-06-17,18,Fast Food,319.71,11.78,68,UPI,2.6,Delayed,6,Monday,Young (18-29),Slow,Far,Budget
1218,2024-05-15,63,Fast Food,820.65,11.86,35,Cash,3.0,Delivered,5,Wednesday,Senior (45+),Normal,Far,Regular
1219,2024-03-11,56,Chinese,789.95,6.33,18,Card,4.5,Delivered,3,Monday,Senior (45+),Fast,Medium,Regular
1220,2024-02-27,41,Fast Food,258.2,13.44,88,Card,4.1,Delivered,2,Tuesday,Adult (30-44),Slow,Far,Budget
1221,2024-01-02,60,Fast Food,368.91,7.89,21,Card,3.6,Delivered,1,Tuesday,Senior (45+),Fast,Medium,Budget
1222,2024-11-28,25,Indian,875.94,7.23,74,Card,4.5,Delivered,11,Thursday,Young (18-29),Slow,Medium,Premium
1223,2024-09-10,27,Chinese,529.89,3.68,86,Card,3.9,Delivered,9,Tuesday,Young (18-29),Slow,Near,Regular
1224,2024-11-02,62,Chinese,595.67,10.23,78,Cash,4.5,Delayed,11,Saturday,Senior (45+),Slow,Far,Regular
1225,2024-10-27,56,Fast Food,280.76,9.47,80,Wallet,2.8,Delayed,10,Sunday,Senior (45+),Slow,Medium,Budget
1226,2024-12-31,19,Fast Food,415.56,14.8,65,Cash,4.2,Delayed,12,Tuesday,Young (18-29),Slow,Far,Budget
1227,2024-02-21,57,Italian,721.76,11.94,83,Card,4.1,Cancelled,2,Wednesday,Senior (45+),Slow,Far,Regular
1228,2024-11-07,56,Fast Food,673.4,1.25,85,Cash,3.3,Cancelled,11,Thursday,Senior (45+),Slow,Near,Regular
1229,2024-11-27,47,Italian,199.65,12.04,52,Wallet,4.0,Delivered,11,Wednesday,Senior (45+),Normal,Far,Budget
1230,2024-04-21,59,Cafe,1093.09,6.61,76,UPI,3.2,Cancelled,4,Sunday,Senior (45+),Slow,Medium,Premium
1231,2024-02-21,42,Bakery,340.92,3.34,45,Card,2.6,Cancelled,2,Wednesday,Adult (30-44),Normal,Near,Budget
1232,2024-07-08,36,Fast Food,155.88,7.87,87,Cash,3.3,Cancelled,7,Monday,Adult (30-44),Slow,Medium,Budget
1233,2024-08-08,32,Chinese,1016.52,1.2,87,Card,3.4,Cancelled,8,Thursday,Adult (30-44),Slow,Near,Premium
1234,2024-02-25,51,Italian,192.48,13.22,56,Wallet,2.8,Delayed,2,Sunday,Senior (45+),Normal,Far,Budget
1235,2024-11-24,57,Chinese,616.26,13.54,20,UPI,3.4,Cancelled,11,Sunday,Senior (45+),Fast,Far,Regular
1236,2024-06-16,48,Chinese,678.71,2.33,16,Cash,4.1,Delivered,6,Sunday,Senior (45+),Fast,Near,Regular
1237,2024-03-23,23,Cafe,1112.45,11.2,49,Wallet,4.4,Delayed,3,Saturday,Young (18-29),Normal,Far,Premium
1238,2024-04-30,60,Italian,250.99,11.38,64,Wallet,3.8,Cancelled,4,Tuesday,Senior (45+),Slow,Far,Budget
1239,2024-03-07,19,Chinese,1153.56,6.4,63,UPI,3.0,Delayed,3,Thursday,Young (18-29),Slow,Medium,Premium
1240,2024-08-24,30,Chinese,623.34,2.25,54,Card,3.0,Delayed,8,Saturday,Adult (30-44),Normal,Near,Regular
1241,2024-12-02,55,Chinese,758.29,2.69,61,Wallet,3.7,Delivered,12,Monday,Senior (45+),Slow,Near,Regular
1242,2024-11-03,35,Cafe,292.59,13.81,29,Card,4.7,Delayed,11,Sunday,Adult (30-44),Fast,Far,Budget
1243,2024-01-09,22,Chinese,674.17,4.66,70,Wallet,3.1,Cancelled,1,Tuesday,Young (18-29),Slow,Near,Regular
1244,2024-03-18,22,Chinese,909.66,4.76,90,UPI,2.8,Delivered,3,Monday,Young (18-29),Slow,Near,Premium
1245,2024-07-26,41,Fast Food,1162.06,11.9,53,Cash,3.1,Delayed,7,Friday,Adult (30-44),Normal,Far,Premium
1246,2024-09-22,63,Fast Food,647.16,14.69,56,Card,3.0,Delayed,9,Sunday,Senior (45+),Normal,Far,Regular
1247,2024-07-29,35,Cafe,289.38,1.94,70,Wallet,4.1,Delayed,7,Monday,Adult (30-44),Slow,Near,Budget
1248,2024-09-23,19,Bakery,520.33,3.89,82,Wallet,2.9,Delivered,9,Monday,Young (18-29),Slow,Near,Regular
1249,2024-01-09,39,Chinese,589.49,13.48,59,UPI,4.5,Delivered,1,Tuesday,Adult (30-44),Normal,Far,Regular
1250,2024-05-23,31,Chinese,1082.14,13.97,19,Card,3.0,Delayed,5,Thursday,Adult (30-44),Fast,Far,Premium
1251,2024-05-15,19,Bakery,1028.82,5.65,30,UPI,2.7,Delivered,5,Wednesday,Young (18-29),Normal,Medium,Premium
1252,2024-08-27,37,Indian,425.62,8.99,84,Wallet,4.2,Delivered,8,Tuesday,Adult (30-44),Slow,Medium,Budget
1253,2024-10-16,55,Chinese,342.51,7.87,65,Wallet,4.3,Delivered,10,Wednesday,Senior (45+),Slow,Medium,Budget
1254,2024-04-01,19,Cafe,1097.47,2.8,20,UPI,2.9,Cancelled,4,Monday,Young (18-29),Fast,Near,Premium
1255,2024-02-10,45,Bakery,191.35,2.34,59,Cash,3.7,Delayed,2,Saturday,Senior (45+),Normal,Near,Budget
1256,2024-05-07,59,Bakery,1040.2,7.06,55,Wallet,4.1,Delivered,5,Tuesday,Senior (45+),Normal,Medium,Premium
1257,2024-08-02,48,Italian,540.56,5.43,24,Wallet,3.8,Cancelled,8,Friday,Senior (45+),Fast,Medium,Regular
1258,2024-03-07,46,Bakery,232.63,7.81,28,Wallet,3.2,Cancelled,3,Thursday,Senior (45+),Fast,Medium,Budget
1259,2024-03-22,48,Indian,283.63,12.12,53,Card,2.9,Cancelled,3,Friday,Senior (45+),Normal,Far,Budget
1260,2024-02-15,43,Indian,1179.2,8.81,28,Wallet,3.8,Cancelled,2,Thursday,Adult (30-44),Fast,Medium,Premium
1261,2024-02-09,37,Chinese,363.53,2.57,18,Cash,4.9,Delivered,2,Friday,Adult (30-44),Fast,Near,Budget
1262,2024-04-07,36,Chinese,1021.27,8.93,59,Card,4.5,Cancelled,4,Sunday,Adult (30-44),Normal,Medium,Premium
1263,2024-09-10,35,Bakery,372.01,14.6,24,Cash,3.2,Cancelled,9,Tuesday,Adult (30-44),Fast,Far,Budget
1264,2024-11-21,61,Bakery,319.22,3.47,83,Cash,3.7,Delivered,11,Thursday,Senior (45+),Slow,Near,Budget
1265,2024-06-23,65,Cafe,686.27,7.61,79,Card,3.5,Delayed,6,Sunday,Senior (45+),Slow,Medium,Regular
1266,2024-01-13,20,Fast Food,478.66,5.69,39,Wallet,3.9,Delayed,1,Saturday,Young (18-29),Normal,Medium,Regular
1267,2024-05-30,55,Italian,296.29,12.28,87,Wallet,3.6,Cancelled,5,Thursday,Senior (45+),Slow,Far,Budget
1268,2024-12-31,50,Chinese,534.34,8.5,53,Wallet,3.6,Delivered,12,Tuesday,Senior (45+),Normal,Medium,Regular
1269,2024-09-18,50,Indian,469.95,8.46,67,Wallet,3.2,Cancelled,9,Wednesday,Senior (45+),Slow,Medium,Regular
1270,2024-08-24,36,Cafe,1106.16,5.86,15,Wallet,4.1,Delivered,8,Saturday,Adult (30-44),Fast,Medium,Premium
1271,2024-05-04,25,Italian,235.14,3.58,44,Wallet,4.7,Cancelled,5,Saturday,Young (18-29),Normal,Near,Budget
1272,2024-05-16,19,Italian,249.78,12.45,65,Card,4.2,Delivered,5,Thursday,Young (18-29),Slow,Far,Budget
1273,2024-09-15,18,Chinese,819.73,9.82,45,Wallet,2.8,Delivered,9,Sunday,Young (18-29),Normal,Medium,Regular
1274,2024-06-07,39,Bakery,1134.96,14.32,62,Card,3.0,Cancelled,6,Friday,Adult (30-44),Slow,Far,Premium
1275,2024-09-09,36,Indian,772.93,4.17,17,Wallet,4.1,Delivered,9,Monday,Adult (30-44),Fast,Near,Regular
1276,2024-10-19,51,Fast Food,323.5,8.84,44,Cash,3.1,Cancelled,10,Saturday,Senior (45+),Normal,Medium,Budget
1277,2024-11-07,23,Bakery,341.54,14.97,45,UPI,2.9,Delayed,11,Thursday,Young (18-29),Normal,Far,Budget
1278,2024-05-24,22,Italian,924.89,8.01,85,Card,2.6,Delayed,5,Friday,Young (18-29),Slow,Medium,Premium
1279,2024-11-06,56,Italian,915.67,9.95,23,Card,3.8,Delayed,11,Wednesday,Senior (45+),Fast,Medium,Premium
1280,2024-10-07,18,Cafe,216.08,6.84,68,UPI,5.0,Delivered,10,Monday,Young (18-29),Slow,Medium,Budget
1281,2024-10-29,36,Italian,184.17,6.5,29,Wallet,4.5,Cancelled,10,Tuesday,Adult (30-44),Fast,Medium,Budget
1282,2024-06-13,54,Cafe,151.46,7.61,26,Wallet,3.7,Delivered,6,Thursday,Senior (45+),Fast,Medium,Budget
1283,2024-04-22,54,Italian,893.97,9.83,42,Cash,3.1,Delivered,4,Monday,Senior (45+),Normal,Medium,Premium
1284,2024-02-20,18,Cafe,162.83,11.18,90,Card,3.3,Delivered,2,Tuesday,Young (18-29),Slow,Far,Budget
1285,2024-04-24,23,Fast Food,231.0,4.62,30,UPI,3.3,Cancelled,4,Wednesday,Young (18-29),Normal,Near,Budget
1286,2024-12-19,64,Cafe,988.87,10.37,22,Card,2.8,Delivered,12,Thursday,Senior (45+),Fast,Far,Premium
1287,2024-08-01,44,Cafe,381.37,11.94,44,Cash,4.5,Delivered,8,Thursday,Adult (30-44),Normal,Far,Budget
1288,2024-12-08,25,Chinese,679.26,5.28,26,Cash,2.6,Delivered,12,Sunday,Young (18-29),Fast,Medium,Regular
1289,2024-01-06,33,Indian,521.09,1.12,47,UPI,4.2,Delayed,1,Saturday,Adult (30-44),Normal,Near,Regular
1290,2024-03-10,61,Bakery,1115.77,3.83,50,UPI,4.2,Delayed,3,Sunday,Senior (45+),Normal,Near,Premium
1291,2024-07-30,36,Fast Food,444.43,13.99,28,Card,3.3,Cancelled,7,Tuesday,Adult (30-44),Fast,Far,Budget
1292,2024-02-19,47,Cafe,539.82,6.83,48,Wallet,3.4,Cancelled,2,Monday,Senior (45+),Normal,Medium,Regular
1293,2024-01-30,20,Cafe,535.14,9.81,78,Cash,4.0,Delayed,1,Tuesday,Young (18-29),Slow,Medium,Regular
1294,2024-05-21,18,Fast Food,1143.16,3.83,16,Card,3.9,Delivered,5,Tuesday,Young (18-29),Fast,Near,Premium
1295,2024-11-01,43,Fast Food,699.84,11.28,73,Cash,2.5,Delayed,11,Friday,Adult (30-44),Slow,Far,Regular
1296,2024-08-05,33,Italian,721.87,2.88,53,Wallet,2.5,Delayed,8,Monday,Adult (30-44),Normal,Near,Regular
1297,2024-02-12,44,Chinese,241.51,11.84,43,Card,3.8,Delayed,2,Monday,Adult (30-44),Normal,Far,Budget
1298,2024-02-13,30,Italian,293.11,7.75,20,UPI,3.0,Delayed,2,Tuesday,Adult (30-44),Fast,Medium,Budget
1299,2024-08-10,21,Italian,910.25,10.69,47,UPI,5.0,Delivered,8,Saturday,Young (18-29),Normal,Far,Premium
1300,2024-06-10,34,Fast Food,817.46,8.68,80,Wallet,3.5,Delayed,6,Monday,Adult (30-44),Slow,Medium,Regular
1301,2024-07-04,35,Bakery,662.72,10.64,87,Wallet,4.7,Delivered,7,Thursday,Adult (30-44),Slow,Far,Regular
1302,2024-04-28,44,Chinese,709.78,14.52,16,UPI,2.9,Delayed,4,Sunday,Adult (30-44),Fast,Far,Regular
1303,2024-10-17,27,Indian,480.89,10.57,39,Cash,4.8,Delivered,10,Thursday,Young (18-29),Normal,Far,Regular
1304,2024-02-06,32,Cafe,1009.96,11.91,75,Card,4.9,Delivered,2,Tuesday,Adult (30-44),Slow,Far,Premium
1305,2024-10-12,43,Italian,476.51,8.32,25,Wallet,4.6,Delayed,10,Saturday,Adult (30-44),Fast,Medium,Regular
1306,2024-02-15,64,Indian,183.19,0.92,86,Wallet,4.9,Cancelled,2,Thursday,Senior (45+),Slow,Near,Budget
1307,2024-10-07,41,Chinese,949.28,1.48,75,UPI,3.2,Delivered,10,Monday,Adult (30-44),Slow,Near,Premium
1308,2024-05-23,24,Bakery,356.07,13.83,70,Cash,5.0,Delayed,5,Thursday,Young (18-29),Slow,Far,Budget
1309,2024-03-31,20,Indian,410.63,7.8,34,Wallet,3.8,Cancelled,3,Sunday,Young (18-29),Normal,Medium,Budget
1310,2024-11-18,30,Chinese,1137.97,13.14,87,Card,4.6,Cancelled,11,Monday,Adult (30-44),Slow,Far,Premium
1311,2024-08-26,30,Italian,391.76,11.93,49,Card,3.3,Delivered,8,Monday,Adult (30-44),Normal,Far,Budget
1312,2024-03-25,19,Chinese,805.65,8.98,17,Cash,4.9,Delivered,3,Monday,Young (18-29),Fast,Medium,Regular
1313,2024-08-05,58,Italian,386.63,13.24,23,Card,3.0,Delivered,8,Monday,Senior (45+),Fast,Far,Budget
1314,2024-07-16,43,Chinese,737.65,8.14,43,Card,3.4,Delayed,7,Tuesday,Adult (30-44),Normal,Medium,Regular
1315,2024-09-15,28,Italian,251.95,11.81,58,Cash,2.7,Delivered,9,Sunday,Young (18-29),Normal,Far,Budget
1316,2024-07-10,57,Cafe,659.16,9.64,80,Cash,4.7,Cancelled,7,Wednesday,Senior (45+),Slow,Medium,Regular
1317,2024-04-21,45,Chinese,489.02,10.34,60,Cash,3.8,Cancelled,4,Sunday,Senior (45+),Slow,Far,Regular
1318,2024-03-08,56,Chinese,1184.98,1.55,22,Card,4.7,Delivered,3,Friday,Senior (45+),Fast,Near,Premium
1319,2024-02-07,52,Cafe,691.04,11.35,58,Cash,4.5,Delayed,2,Wednesday,Senior (45+),Normal,Far,Regular
1320,2024-12-19,49,Fast Food,280.69,4.41,53,Cash,4.1,Cancelled,12,Thursday,Senior (45+),Normal,Near,Budget
1321,2024-06-19,48,Indian,1130.71,12.71,16,Wallet,4.5,Delivered,6,Wednesday,Senior (45+),Fast,Far,Premium
1322,2024-11-27,35,Chinese,722.7,5.5,85,UPI,4.4,Delivered,11,Wednesday,Adult (30-44),Slow,Medium,Regular
1323,2024-03-16,49,Bakery,321.94,14.11,34,UPI,3.9,Delayed,3,Saturday,Senior (45+),Normal,Far,Budget
1324,2024-02-05,35,Bakery,804.01,6.46,33,Card,3.2,Cancelled,2,Monday,Adult (30-44),Normal,Medium,Regular
1325,2024-02-10,60,Indian,260.75,6.16,70,Cash,4.3,Cancelled,2,Saturday,Senior (45+),Slow,Medium,Budget
1326,2024-10-07,36,Fast Food,760.01,9.6,50,UPI,3.0,Delivered,10,Monday,Adult (30-44),Normal,Medium,Regular
1327,2024-09-24,50,Bakery,1143.39,0.63,60,Cash,4.3,Delayed,9,Tuesday,Senior (45+),Slow,Near,Premium
1328,2024-05-16,19,Cafe,842.62,4.33,87,UPI,3.4,Delivered,5,Thursday,Young (18-29),Slow,Near,Regular
1329,2024-06-27,39,Indian,350.26,11.44,90,Cash,3.5,Delivered,6,Thursday,Adult (30-44),Slow,Far,Budget
1330,2024-03-15,31,Fast Food,634.33,1.64,24,Cash,4.7,Delivered,3,Friday,Adult (30-44),Fast,Near,Regular
1331,2024-07-13,48,Fast Food,733.37,8.21,21,Wallet,2.8,Delivered,7,Saturday,Senior (45+),Fast,Medium,Regular
1332,2024-08-26,46,Bakery,374.44,6.42,43,UPI,4.8,Delivered,8,Monday,Senior (45+),Normal,Medium,Budget
1333,2024-11-05,23,Fast Food,823.64,14.92,40,Card,3.4,Delayed,11,Tuesday,Young (18-29),Normal,Far,Regular
1334,2024-09-12,54,Indian,506.38,3.13,44,Wallet,3.5,Cancelled,9,Thursday,Senior (45+),Normal,Near,Regular
1335,2024-09-21,57,Italian,1106.57,11.44,83,Wallet,3.6,Delayed,9,Saturday,Senior (45+),Slow,Far,Premium
1336,2024-05-25,35,Fast Food,934.78,1.98,34,UPI,4.8,Delayed,5,Saturday,Adult (30-44),Normal,Near,Premium
1337,2024-08-09,49,Italian,274.44,0.84,48,Card,4.9,Delayed,8,Friday,Senior (45+),Normal,Near,Budget
1338,2024-06-27,41,Bakery,879.32,3.22,65,Card,2.8,Cancelled,6,Thursday,Adult (30-44),Slow,Near,Premium
1339,2024-11-27,44,Fast Food,1085.09,2.36,88,UPI,3.1,Cancelled,11,Wednesday,Adult (30-44),Slow,Near,Premium
1340,2024-12-19,56,Chinese,1155.34,3.36,58,Cash,2.6,Delayed,12,Thursday,Senior (45+),Normal,Near,Premium
1341,2024-10-20,42,Cafe,1077.13,2.09,47,UPI,4.1,Delivered,10,Sunday,Adult (30-44),Normal,Near,Premium
1342,2024-04-17,36,Italian,333.9,13.1,30,Card,4.5,Delivered,4,Wednesday,Adult (30-44),Normal,Far,Budget
1343,2024-04-06,26,Fast Food,1025.11,5.87,28,Card,3.5,Delivered,4,Saturday,Young (18-29),Fast,Medium,Premium
1344,2024-02-14,46,Cafe,555.97,10.74,65,Cash,4.3,Delivered,2,Wednesday,Senior (45+),Slow,Far,Regular
1345,2024-08-10,65,Chinese,303.75,14.75,37,UPI,4.6,Delayed,8,Saturday,Senior (45+),Normal,Far,Budget
1346,2024-10-29,41,Indian,474.75,14.51,15,UPI,3.5,Delivered,10,Tuesday,Adult (30-44),Fast,Far,Regular
1347,2024-05-12,35,Bakery,1001.65,6.91,53,Card,4.1,Cancelled,5,Sunday,Adult (30-44),Normal,Medium,Premium
1348,2024-10-17,20,Italian,665.82,7.08,19,Cash,4.2,Cancelled,10,Thursday,Young (18-29),Fast,Medium,Regular
1349,2024-04-05,20,Indian,356.11,7.56,61,UPI,2.9,Delivered,4,Friday,Young (18-29),Slow,Medium,Budget
1350,2024-03-06,23,Bakery,808.0,6.19,52,UPI,4.6,Delayed,3,Wednesday,Young (18-29),Normal,Medium,Regular
1351,2024-02-26,21,Fast Food,674.36,9.19,63,UPI,2.7,Delayed,2,Monday,Young (18-29),Slow,Medium,Regular
1352,2024-01-13,30,Indian,928.72,13.63,43,UPI,3.3,Delayed,1,Saturday,Adult (30-44),Normal,Far,Premium
1353,2024-04-02,25,Bakery,1110.29,10.14,77,Cash,5.0,Cancelled,4,Tuesday,Young (18-29),Slow,Far,Premium
1354,2024-07-29,59,Fast Food,266.07,4.28,75,UPI,3.0,Delivered,7,Monday,Senior (45+),Slow,Near,Budget
1355,2024-05-25,48,Bakery,176.0,7.08,84,Card,3.2,Cancelled,5,Saturday,Senior (45+),Slow,Medium,Budget
1356,2024-05-05,22,Chinese,328.22,2.61,81,Card,2.6,Delayed,5,Sunday,Young (18-29),Slow,Near,Budget
1357,2024-05-11,47,Chinese,264.46,6.39,32,UPI,4.4,Delivered,5,Saturday,Senior (45+),Normal,Medium,Budget
1358,2024-10-27,34,Italian,524.34,5.52,81,Cash,3.7,Delayed,10,Sunday,Adult (30-44),Slow,Medium,Regular
1359,2024-12-09,49,Chinese,205.01,6.93,47,Cash,4.0,Delayed,12,Monday,Senior (45+),Normal,Medium,Budget
1360,2024-06-09,38,Indian,860.86,1.17,26,Wallet,3.7,Delivered,6,Sunday,Adult (30-44),Fast,Near,Premium
1361,2024-03-24,38,Indian,1139.28,13.68,61,UPI,4.7,Delivered,3,Sunday,Adult (30-44),Slow,Far,Premium
1362,2024-08-19,37,Italian,550.12,2.67,76,Cash,3.2,Cancelled,8,Monday,Adult (30-44),Slow,Near,Regular
1363,2024-05-31,54,Italian,447.61,11.28,39,Card,4.2,Delivered,5,Friday,Senior (45+),Normal,Far,Budget
1364,2024-08-01,51,Bakery,331.35,13.31,40,Cash,2.6,Delivered,8,Thursday,Senior (45+),Normal,Far,Budget
1365,2024-03-12,24,Italian,1084.81,1.48,60,Wallet,4.0,Cancelled,3,Tuesday,Young (18-29),Slow,Near,Premium
1366,2024-10-25,53,Cafe,1008.34,7.29,16,Cash,4.0,Delayed,10,Friday,Senior (45+),Fast,Medium,Premium
1367,2024-06-27,46,Italian,1137.89,5.14,17,UPI,3.7,Cancelled,6,Thursday,Senior (45+),Fast,Medium,Premium
1368,2024-09-22,41,Bakery,1156.82,13.91,70,Card,3.5,Delayed,9,Sunday,Adult (30-44),Slow,Far,Premium
1369,2024-05-11,39,Bakery,433.87,9.36,34,UPI,3.2,Cancelled,5,Saturday,Adult (30-44),Normal,Medium,Budget
1370,2024-05-08,63,Italian,517.21,8.16,88,Cash,4.2,Delivered,5,Wednesday,Senior (45+),Slow,Medium,Regular
1371,2024-10-19,52,Indian,889.55,4.75,35,Cash,3.4,Delivered,10,Saturday,Senior (45+),Normal,Near,Premium
1372,2024-11-09,23,Cafe,1183.06,2.87,82,UPI,2.5,Delayed,11,Saturday,Young (18-29),Slow,Near,Premium
1373,2024-05-12,53,Fast Food,300.9,11.0,34,Cash,4.1,Cancelled,5,Sunday,Senior (45+),Normal,Far,Budget
1374,2024-03-06,24,Cafe,1063.08,2.76,36,UPI,3.7,Delivered,3,Wednesday,Young (18-29),Normal,Near,Premium
1375,2024-07-28,62,Bakery,580.81,10.04,34,Cash,4.3,Delayed,7,Sunday,Senior (45+),Normal,Far,Regular
1376,2024-05-18,42,Bakery,871.96,0.57,56,Card,3.8,Delivered,5,Saturday,Adult (30-44),Normal,Near,Premium
1377,2024-09-30,36,Cafe,406.29,6.75,90,Cash,4.2,Delivered,9,Monday,Adult (30-44),Slow,Medium,Budget
1378,2024-12-12,60,Bakery,995.93,4.94,82,Wallet,4.5,Delivered,12,Thursday,Senior (45+),Slow,Near,Premium
1379,2024-06-29,40,Cafe,504.97,0.92,17,Cash,4.4,Delivered,6,Saturday,Adult (30-44),Fast,Near,Regular
1380,2024-09-28,54,Indian,1007.64,6.0,85,Wallet,3.2,Delayed,9,Saturday,Senior (45+),Slow,Medium,Premium
1381,2024-11-01,42,Italian,625.22,14.78,66,Wallet,2.7,Delayed,11,Friday,Adult (30-44),Slow,Far,Regular
1382,2024-07-03,44,Cafe,302.85,3.7,75,UPI,2.9,Cancelled,7,Wednesday,Adult (30-44),Slow,Near,Budget
1383,2024-08-28,23,Italian,182.15,4.29,74,Wallet,4.0,Delayed,8,Wednesday,Young (18-29),Slow,Near,Budget
1384,2024-12-23,40,Cafe,733.43,0.84,74,Card,4.9,Delivered,12,Monday,Adult (30-44),Slow,Near,Regular
1385,2024-01-10,34,Indian,681.03,7.33,44,Card,3.0,Cancelled,1,Wednesday,Adult (30-44),Normal,Medium,Regular
1386,2024-01-16,56,Chinese,587.3,5.23,58,Card,4.5,Cancelled,1,Tuesday,Senior (45+),Normal,Medium,Regular
1387,2024-12-09,22,Bakery,491.45,2.58,30,Wallet,4.0,Delivered,12,Monday,Young (18-29),Normal,Near,Regular
1388,2024-04-19,38,Bakery,1094.08,5.84,88,Card,3.3,Delivered,4,Friday,Adult (30-44),Slow,Medium,Premium
1389,2024-02-07,53,Chinese,1057.89,1.19,67,Card,2.7,Cancelled,2,Wednesday,Senior (45+),Slow,Near,Premium
1390,2024-11-27,21,Italian,529.47,4.15,55,Card,4.7,Delayed,11,Wednesday,Young (18-29),Normal,Near,Regular
1391,2024-11-08,22,Bakery,1096.78,8.25,59,UPI,4.8,Cancelled,11,Friday,Young (18-29),Normal,Medium,Premium
1392,2024-07-18,26,Cafe,652.34,2.54,83,UPI,3.9,Cancelled,7,Thursday,Young (18-29),Slow,Near,Regular
1393,2024-10-01,60,Italian,996.97,6.6,31,Wallet,4.1,Delayed,10,Tuesday,Senior (45+),Normal,Medium,Premium
1394,2024-07-25,61,Indian,854.11,9.68,42,Cash,4.5,Cancelled,7,Thursday,Senior (45+),Normal,Medium,Premium
1395,2024-04-02,23,Indian,361.07,1.72,81,Card,4.6,Delayed,4,Tuesday,Young (18-29),Slow,Near,Budget
1396,2024-03-11,40,Indian,486.04,7.91,80,Card,3.5,Delivered,3,Monday,Adult (30-44),Slow,Medium,Regular
1397,2024-04-13,21,Bakery,921.25,0.89,40,UPI,4.3,Cancelled,4,Saturday,Young (18-29),Normal,Near,Premium
1398,2024-04-09,24,Italian,571.06,5.34,60,Wallet,4.2,Delayed,4,Tuesday,Young (18-29),Slow,Medium,Regular
1399,2024-06-04,31,Cafe,188.92,3.58,65,UPI,2.8,Delivered,6,Tuesday,Adult (30-44),Slow,Near,Budget
1400,2024-02-10,63,Bakery,869.54,7.19,84,Wallet,5.0,Cancelled,2,Saturday,Senior (45+),Slow,Medium,Premium
1401,2024-06-20,39,Chinese,328.64,10.5,87,Card,2.7,Delayed,6,Thursday,Adult (30-44),Slow,Far,Budget
1402,2024-05-04,24,Cafe,995.32,7.61,42,Cash,4.5,Delivered,5,Saturday,Young (18-29),Normal,Medium,Premium
1403,2024-10-05,29,Indian,890.69,8.5,33,UPI,3.3,Delayed,10,Saturday,Young (18-29),Normal,Medium,Premium
1404,2024-09-15,25,Indian,900.26,10.32,43,Card,2.9,Cancelled,9,Sunday,Young (18-29),Normal,Far,Premium
1405,2024-06-25,52,Chinese,1195.51,3.85,31,Wallet,4.0,Cancelled,6,Tuesday,Senior (45+),Normal,Near,Premium
1406,2024-10-26,49,Bakery,1144.94,14.24,66,Wallet,4.8,Delayed,10,Saturday,Senior (45+),Slow,Far,Premium
1407,2024-09-08,25,Italian,848.42,12.27,16,UPI,3.4,Delayed,9,Sunday,Young (18-29),Fast,Far,Regular
1408,2024-10-21,55,Italian,800.38,12.95,83,Card,4.0,Delivered,10,Monday,Senior (45+),Slow,Far,Regular
1409,2024-01-18,24,Bakery,371.11,13.1,25,Wallet,2.9,Cancelled,1,Thursday,Young (18-29),Fast,Far,Budget
1410,2024-09-22,65,Italian,338.23,7.7,58,Cash,2.9,Delayed,9,Sunday,Senior (45+),Normal,Medium,Budget
1411,2024-06-27,21,Chinese,435.14,9.76,21,Cash,3.8,Cancelled,6,Thursday,Young (18-29),Fast,Medium,Budget
1412,2024-01-24,56,Fast Food,868.08,4.64,27,Wallet,4.4,Delayed,1,Wednesday,Senior (45+),Fast,Near,Premium
1413,2024-01-10,61,Italian,652.02,7.88,70,Card,3.8,Delivered,1,Wednesday,Senior (45+),Slow,Medium,Regular
1414,2024-02-10,40,Italian,914.93,2.85,59,Cash,3.5,Cancelled,2,Saturday,Adult (30-44),Normal,Near,Premium
1415,2024-04-01,41,Cafe,999.49,4.22,68,Card,3.9,Delivered,4,Monday,Adult (30-44),Slow,Near,Premium
1416,2024-10-11,28,Indian,824.18,6.97,29,Card,2.9,Delayed,10,Friday,Young (18-29),Fast,Medium,Regular
1417,2024-03-30,30,Cafe,943.65,8.4,63,Card,4.4,Delayed,3,Saturday,Adult (30-44),Slow,Medium,Premium
1418,2024-08-24,57,Cafe,979.67,6.29,46,Cash,3.8,Delivered,8,Saturday,Senior (45+),Normal,Medium,Premium
1419,2024-07-12,43,Italian,326.86,7.87,20,Cash,4.5,Delayed,7,Friday,Adult (30-44),Fast,Medium,Budget
1420,2024-12-16,55,Fast Food,352.16,14.74,38,Cash,3.3,Delayed,12,Monday,Senior (45+),Normal,Far,Budget
1421,2024-08-23,56,Italian,279.15,3.16,69,Wallet,4.7,Cancelled,8,Friday,Senior (45+),Slow,Near,Budget
1422,2024-04-19,21,Chinese,925.14,11.65,57,Wallet,3.9,Delayed,4,Friday,Young (18-29),Normal,Far,Premium
1423,2024-07-01,29,Bakery,664.87,8.18,89,Wallet,3.7,Delivered,7,Monday,Young (18-29),Slow,Medium,Regular
1424,2024-02-12,63,Italian,1116.05,11.32,22,Cash,3.1,Cancelled,2,Monday,Senior (45+),Fast,Far,Premium
1425,2024-01-05,55,Chinese,738.65,1.83,77,Card,4.9,Delivered,1,Friday,Senior (45+),Slow,Near,Regular
1426,2024-03-19,19,Italian,548.19,9.26,31,Card,4.3,Delivered,3,Tuesday,Young (18-29),Normal,Medium,Regular
1427,2024-10-15,45,Chinese,437.81,14.85,28,Cash,4.3,Delivered,10,Tuesday,Senior (45+),Fast,Far,Budget
1428,2024-05-19,55,Cafe,541.8,4.66,88,Card,4.7,Delivered,5,Sunday,Senior (45+),Slow,Near,Regular
1429,2024-05-24,55,Chinese,897.96,1.14,74,UPI,3.8,Cancelled,5,Friday,Senior (45+),Slow,Near,Premium
1430,2024-02-02,19,Indian,574.05,5.25,60,Cash,3.4,Delivered,2,Friday,Young (18-29),Slow,Medium,Regular
1431,2024-03-14,52,Cafe,974.69,2.57,68,Card,2.6,Delayed,3,Thursday,Senior (45+),Slow,Near,Premium
1432,2024-08-14,35,Indian,1089.71,4.34,65,Cash,4.7,Delayed,8,Wednesday,Adult (30-44),Slow,Near,Premium
1433,2024-05-03,33,Italian,837.52,11.41,25,Cash,3.1,Cancelled,5,Friday,Adult (30-44),Fast,Far,Regular
1434,2024-02-27,53,Indian,1051.89,8.01,33,Card,3.5,Delivered,2,Tuesday,Senior (45+),Normal,Medium,Premium
1435,2024-08-16,32,Fast Food,833.99,6.09,65,UPI,2.8,Cancelled,8,Friday,Adult (30-44),Slow,Medium,Regular
1436,2024-06-05,44,Chinese,356.04,8.68,61,Card,3.5,Delayed,6,Wednesday,Adult (30-44),Slow,Medium,Budget
1437,2024-05-31,34,Italian,181.85,6.14,28,Cash,3.7,Delayed,5,Friday,Adult (30-44),Fast,Medium,Budget
1438,2024-04-05,52,Bakery,234.01,11.91,78,UPI,3.6,Cancelled,4,Friday,Senior (45+),Slow,Far,Budget
1439,2024-03-15,22,Chinese,528.5,11.2,71,Cash,4.8,Cancelled,3,Friday,Young (18-29),Slow,Far,Regular
1440,2024-10-08,64,Indian,438.44,4.27,83,Wallet,3.5,Delayed,10,Tuesday,Senior (45+),Slow,Near,Budget
1441,2024-06-07,65,Indian,376.07,9.08,63,Wallet,4.4,Delivered,6,Friday,Senior (45+),Slow,Medium,Budget
1442,2024-04-04,31,Cafe,541.95,11.9,23,Cash,3.5,Delayed,4,Thursday,Adult (30-44),Fast,Far,Regular
1443,2024-05-13,57,Bakery,672.57,9.33,35,Cash,4.0,Delivered,5,Monday,Senior (45+),Normal,Medium,Regular
1444,2024-10-11,50,Fast Food,643.19,4.72,65,Cash,4.2,Delivered,10,Friday,Senior (45+),Slow,Near,Regular
1445,2024-05-30,50,Chinese,1018.4,2.04,73,UPI,3.7,Delayed,5,Thursday,Senior (45+),Slow,Near,Premium
1446,2024-11-23,28,Cafe,1097.25,2.72,47,Card,2.9,Cancelled,11,Saturday,Young (18-29),Normal,Near,Premium
1447,2024-09-13,41,Cafe,587.91,2.6,38,Wallet,5.0,Cancelled,9,Friday,Adult (30-44),Normal,Near,Regular
1448,2024-10-01,25,Chinese,332.1,3.68,90,Wallet,3.6,Delivered,10,Tuesday,Young (18-29),Slow,Near,Budget
1449,2024-03-07,54,Italian,357.13,12.09,66,Cash,4.1,Delayed,3,Thursday,Senior (45+),Slow,Far,Budget
1450,2024-11-08,61,Bakery,190.69,3.28,15,Cash,4.1,Cancelled,11,Friday,Senior (45+),Fast,Near,Budget
1451,2024-07-09,32,Italian,464.27,6.79,18,UPI,4.1,Delivered,7,Tuesday,Adult (30-44),Fast,Medium,Regular
1452,2024-03-16,40,Italian,972.45,1.1,17,UPI,4.5,Delivered,3,Saturday,Adult (30-44),Fast,Near,Premium
1453,2024-09-05,61,Fast Food,1037.58,2.32,64,Card,4.5,Delivered,9,Thursday,Senior (45+),Slow,Near,Premium
1454,2024-07-27,59,Bakery,268.98,6.01,24,Cash,3.1,Delivered,7,Saturday,Senior (45+),Fast,Medium,Budget
1455,2024-10-15,37,Indian,336.98,14.52,86,Cash,3.9,Cancelled,10,Tuesday,Adult (30-44),Slow,Far,Budget
1456,2024-08-07,46,Chinese,568.49,1.29,31,Card,2.6,Cancelled,8,Wednesday,Senior (45+),Normal,Near,Regular
1457,2024-10-06,18,Indian,1166.86,3.41,52,Cash,2.5,Cancelled,10,Sunday,Young (18-29),Normal,Near,Premium
1458,2024-11-29,65,Bakery,179.46,8.8,28,UPI,2.7,Cancelled,11,Friday,Senior (45+),Fast,Medium,Budget
1459,2024-11-24,39,Fast Food,1189.81,7.76,19,Cash,3.2,Cancelled,11,Sunday,Adult (30-44),Fast,Medium,Premium
1460,2024-05-07,49,Bakery,1140.3,8.69,23,UPI,4.1,Delayed,5,Tuesday,Senior (45+),Fast,Medium,Premium
1461,2024-09-27,48,Indian,1160.06,5.51,27,Card,3.9,Cancelled,9,Friday,Senior (45+),Fast,Medium,Premium
1462,2024-02-04,43,Italian,652.73,11.93,82,Wallet,3.7,Delayed,2,Sunday,Adult (30-44),Slow,Far,Regular
1463,2024-04-28,23,Fast Food,1173.89,14.88,69,Cash,4.7,Delivered,4,Sunday,Young (18-29),Slow,Far,Premium
1464,2024-09-19,54,Indian,1140.25,11.12,67,Wallet,4.8,Cancelled,9,Thursday,Senior (45+),Slow,Far,Premium
1465,2024-06-09,29,Bakery,792.07,12.52,72,Cash,2.7,Delayed,6,Sunday,Young (18-29),Slow,Far,Regular
1466,2024-03-23,59,Cafe,302.94,11.39,21,UPI,2.8,Delivered,3,Saturday,Senior (45+),Fast,Far,Budget
1467,2024-11-25,57,Indian,813.69,5.74,74,UPI,4.8,Delayed,11,Monday,Senior (45+),Slow,Medium,Regular
1468,2024-04-25,23,Bakery,963.46,4.43,17,Card,4.3,Cancelled,4,Thursday,Young (18-29),Fast,Near,Premium
1469,2024-05-10,44,Cafe,914.0,3.85,16,UPI,3.3,Delayed,5,Friday,Adult (30-44),Fast,Near,Premium
1470,2024-04-13,62,Italian,1170.81,11.59,78,Cash,4.3,Delayed,4,Saturday,Senior (45+),Slow,Far,Premium
1471,2024-08-16,36,Italian,784.9,7.84,66,UPI,3.4,Delivered,8,Friday,Adult (30-44),Slow,Medium,Regular
1472,2024-07-05,54,Indian,622.75,2.73,20,UPI,3.0,Cancelled,7,Friday,Senior (45+),Fast,Near,Regular
1473,2024-12-20,53,Cafe,1189.09,14.96,33,Wallet,4.4,Cancelled,12,Friday,Senior (45+),Normal,Far,Premium
1474,2024-05-27,23,Chinese,694.37,12.55,34,Wallet,3.9,Delayed,5,Monday,Young (18-29),Normal,Far,Regular
1475,2024-03-25,60,Cafe,1059.89,9.1,77,UPI,4.9,Delayed,3,Monday,Senior (45+),Slow,Medium,Premium
1476,2024-11-10,51,Chinese,993.57,7.37,39,UPI,4.5,Delivered,11,Sunday,Senior (45+),Normal,Medium,Premium
1477,2024-03-03,22,Fast Food,242.62,3.95,57,Wallet,2.8,Delivered,3,Sunday,Young (18-29),Normal,Near,Budget
1478,2024-06-15,57,Italian,167.53,6.66,38,Card,4.2,Cancelled,6,Saturday,Senior (45+),Normal,Medium,Budget
1479,2024-02-13,52,Fast Food,379.82,2.06,55,Cash,4.0,Cancelled,2,Tuesday,Senior (45+),Normal,Near,Budget
1480,2024-08-27,45,Italian,1058.21,7.02,45,Wallet,3.0,Delivered,8,Tuesday,Senior (45+),Normal,Medium,Premium
1481,2024-10-05,55,Cafe,190.16,14.95,64,UPI,4.5,Cancelled,10,Saturday,Senior (45+),Slow,Far,Budget
1482,2024-03-04,56,Cafe,546.53,8.63,24,UPI,4.0,Delivered,3,Monday,Senior (45+),Fast,Medium,Regular
1483,2024-03-10,25,Bakery,767.35,2.12,61,UPI,3.7,Cancelled,3,Sunday,Young (18-29),Slow,Near,Regular
1484,2024-03-12,59,Fast Food,216.13,8.94,15,UPI,3.2,Cancelled,3,Tuesday,Senior (45+),Fast,Medium,Budget
1485,2024-05-15,18,Bakery,938.1,4.07,24,Card,4.0,Delayed,5,Wednesday,Young (18-29),Fast,Near,Premium
1486,2024-12-29,54,Bakery,821.23,3.56,56,Cash,4.7,Cancelled,12,Sunday,Senior (45+),Normal,Near,Regular
1487,2024-08-05,53,Chinese,873.45,11.4,16,Card,2.8,Delivered,8,Monday,Senior (45+),Fast,Far,Premium
1488,2024-02-17,42,Fast Food,809.95,1.8,43,Cash,2.7,Delivered,2,Saturday,Adult (30-44),Normal,Near,Regular
1489,2024-07-08,32,Chinese,894.95,13.53,73,Card,2.8,Delayed,7,Monday,Adult (30-44),Slow,Far,Premium
1490,2024-09-26,29,Fast Food,606.33,5.56,46,Cash,2.6,Delivered,9,Thursday,Young (18-29),Normal,Medium,Regular
1491,2024-10-01,35,Fast Food,914.92,3.51,67,UPI,4.8,Delivered,10,Tuesday,Adult (30-44),Slow,Near,Premium
1492,2024-07-03,54,Italian,672.11,8.92,72,Wallet,3.7,Cancelled,7,Wednesday,Senior (45+),Slow,Medium,Regular
1493,2024-11-12,31,Cafe,818.71,2.58,66,Wallet,2.9,Delivered,11,Tuesday,Adult (30-44),Slow,Near,Regular
1494,2024-06-25,65,Italian,445.97,11.91,70,Card,3.2,Delivered,6,Tuesday,Senior (45+),Slow,Far,Budget
1495,2024-07-01,20,Chinese,254.04,12.21,27,Card,4.4,Delivered,7,Monday,Young (18-29),Fast,Far,Budget
1496,2024-05-04,64,Indian,783.05,13.69,16,Cash,2.6,Delivered,5,Saturday,Senior (45+),Fast,Far,Regular
1497,2024-08-05,18,Chinese,656.79,2.7,49,UPI,3.9,Delayed,8,Monday,Young (18-29),Normal,Near,Regular
1498,2024-04-13,30,Cafe,464.94,7.04,32,UPI,4.4,Delivered,4,Saturday,Adult (30-44),Normal,Medium,Regular
1499,2024-12-10,34,Indian,559.17,6.86,30,Cash,2.6,Delivered,12,Tuesday,Adult (30-44),Normal,Medium,Regular
1500,2024-03-06,34,Indian,729.95,13.98,61,UPI,4.7,Delivered,3,Wednesday,Adult (30-44),Slow,Far,Regular
1501,2024-11-08,64,Indian,801.14,5.32,70,Wallet,3.7,Delayed,11,Friday,Senior (45+),Slow,Medium,Regular
1502,2024-08-25,33,Indian,689.6,4.34,54,Cash,2.7,Delivered,8,Sunday,Adult (30-44),Normal,Near,Regular
1503,2024-11-18,36,Bakery,1185.1,4.11,71,Wallet,4.3,Delivered,11,Monday,Adult (30-44),Slow,Near,Premium
1504,2024-11-29,49,Bakery,383.83,4.04,59,Wallet,4.4,Delivered,11,Friday,Senior (45+),Normal,Near,Budget
1505,2024-01-27,52,Indian,609.65,3.89,55,UPI,3.6,Cancelled,1,Saturday,Senior (45+),Normal,Near,Regular
1506,2024-11-09,52,Indian,431.88,14.75,55,Card,3.9,Cancelled,11,Saturday,Senior (45+),Normal,Far,Budget
1507,2024-04-25,34,Italian,196.46,12.64,25,Wallet,3.1,Delivered,4,Thursday,Adult (30-44),Fast,Far,Budget
1508,2024-09-02,29,Indian,358.9,9.82,45,UPI,2.7,Cancelled,9,Monday,Young (18-29),Normal,Medium,Budget
1509,2024-09-27,27,Bakery,1045.61,10.07,20,Wallet,2.5,Delivered,9,Friday,Young (18-29),Fast,Far,Premium
1510,2024-10-21,25,Bakery,188.46,2.17,67,UPI,4.4,Delivered,10,Monday,Young (18-29),Slow,Near,Budget
1511,2024-10-18,42,Chinese,163.86,7.86,24,Card,4.5,Delivered,10,Friday,Adult (30-44),Fast,Medium,Budget
1512,2024-07-03,62,Chinese,982.64,7.26,72,Wallet,4.9,Delivered,7,Wednesday,Senior (45+),Slow,Medium,Premium
1513,2024-11-01,23,Italian,394.13,11.36,86,Card,2.6,Delivered,11,Friday,Young (18-29),Slow,Far,Budget
1514,2024-12-31,63,Cafe,270.71,11.41,18,Wallet,3.9,Cancelled,12,Tuesday,Senior (45+),Fast,Far,Budget
1515,2024-03-08,48,Indian,897.1,2.07,57,Cash,4.0,Cancelled,3,Friday,Senior (45+),Normal,Near,Premium
1516,2024-04-03,24,Chinese,495.81,7.16,74,UPI,2.8,Delivered,4,Wednesday,Young (18-29),Slow,Medium,Regular
1517,2024-01-02,33,Indian,717.34,14.41,17,Cash,3.0,Delayed,1,Tuesday,Adult (30-44),Fast,Far,Regular
1518,2024-04-13,56,Fast Food,327.32,10.58,28,Card,4.9,Delivered,4,Saturday,Senior (45+),Fast,Far,Budget
1519,2024-02-11,31,Cafe,960.55,12.54,53,UPI,2.9,Delayed,2,Sunday,Adult (30-44),Normal,Far,Premium
1520,2024-07-07,43,Italian,418.81,10.0,29,Cash,2.5,Delayed,7,Sunday,Adult (30-44),Fast,Far,Budget
1521,2024-01-28,49,Cafe,578.31,4.96,73,UPI,4.7,Cancelled,1,Sunday,Senior (45+),Slow,Near,Regular
1522,2024-07-17,26,Indian,269.73,7.8,25,Card,2.8,Delayed,7,Wednesday,Young (18-29),Fast,Medium,Budget
1523,2024-08-05,26,Bakery,191.6,9.94,67,Wallet,4.1,Delayed,8,Monday,Young (18-29),Slow,Medium,Budget
1524,2024-09-10,27,Bakery,546.61,12.33,44,UPI,2.9,Cancelled,9,Tuesday,Young (18-29),Normal,Far,Regular
1525,2024-11-27,51,Italian,741.05,10.56,47,UPI,4.7,Delivered,11,Wednesday,Senior (45+),Normal,Far,Regular
1526,2024-11-04,44,Fast Food,974.68,1.05,26,UPI,2.9,Cancelled,11,Monday,Adult (30-44),Fast,Near,Premium
1527,2024-01-17,57,Bakery,787.08,8.89,84,Wallet,3.1,Cancelled,1,Wednesday,Senior (45+),Slow,Medium,Regular
1528,2024-05-09,45,Cafe,691.34,5.74,38,Card,4.8,Delayed,5,Thursday,Senior (45+),Normal,Medium,Regular
1529,2024-05-06,25,Fast Food,405.34,9.26,19,Wallet,2.6,Delayed,5,Monday,Young (18-29),Fast,Medium,Budget
1530,2024-07-26,18,Bakery,924.11,7.55,62,UPI,3.6,Cancelled,7,Friday,Young (18-29),Slow,Medium,Premium
1531,2024-11-10,20,Cafe,528.93,1.69,58,UPI,4.5,Cancelled,11,Sunday,Young (18-29),Normal,Near,Regular
1532,2024-11-11,33,Indian,1046.0,11.96,84,Wallet,4.0,Cancelled,11,Monday,Adult (30-44),Slow,Far,Premium
1533,2024-08-20,60,Italian,662.98,14.38,72,Cash,4.1,Delayed,8,Tuesday,Senior (45+),Slow,Far,Regular
1534,2024-11-12,24,Cafe,234.71,2.09,59,Card,2.9,Cancelled,11,Tuesday,Young (18-29),Normal,Near,Budget
1535,2024-07-15,37,Italian,1167.99,4.9,47,Wallet,3.4,Delayed,7,Monday,Adult (30-44),Normal,Near,Premium
1536,2024-06-06,64,Indian,1039.02,5.68,45,Card,4.3,Cancelled,6,Thursday,Senior (45+),Normal,Medium,Premium
1537,2024-07-01,20,Cafe,158.25,0.94,36,UPI,3.2,Cancelled,7,Monday,Young (18-29),Normal,Near,Budget
1538,2024-12-15,25,Chinese,232.0,11.47,51,Wallet,4.4,Cancelled,12,Sunday,Young (18-29),Normal,Far,Budget
1539,2024-12-29,31,Bakery,1167.21,2.4,39,Wallet,4.2,Cancelled,12,Sunday,Adult (30-44),Normal,Near,Premium
1540,2024-04-05,19,Chinese,998.01,7.48,83,Cash,3.2,Cancelled,4,Friday,Young (18-29),Slow,Medium,Premium
1541,2024-03-22,34,Italian,718.61,7.61,63,Wallet,2.9,Delayed,3,Friday,Adult (30-44),Slow,Medium,Regular
1542,2024-11-17,30,Chinese,736.56,5.67,68,Cash,3.4,Delivered,11,Sunday,Adult (30-44),Slow,Medium,Regular
1543,2024-03-07,26,Bakery,1151.1,9.98,82,Cash,2.6,Delayed,3,Thursday,Young (18-29),Slow,Medium,Premium
1544,2024-01-29,56,Bakery,202.66,4.7,27,UPI,4.2,Delayed,1,Monday,Senior (45+),Fast,Near,Budget
1545,2024-10-24,25,Italian,807.13,7.99,69,Wallet,3.1,Cancelled,10,Thursday,Young (18-29),Slow,Medium,Regular
1546,2024-07-03,34,Italian,559.02,14.97,52,UPI,4.1,Delivered,7,Wednesday,Adult (30-44),Normal,Far,Regular
1547,2024-05-25,29,Italian,636.08,10.42,81,Wallet,4.5,Delivered,5,Saturday,Young (18-29),Slow,Far,Regular
1548,2024-08-13,27,Bakery,268.83,14.5,51,Card,4.8,Delivered,8,Tuesday,Young (18-29),Normal,Far,Budget
1549,2024-03-13,49,Italian,827.93,5.95,77,Cash,2.8,Delivered,3,Wednesday,Senior (45+),Slow,Medium,Regular
1550,2024-02-27,32,Indian,418.56,9.02,71,Cash,4.8,Delayed,2,Tuesday,Adult (30-44),Slow,Medium,Budget
1551,2024-01-09,52,Italian,1039.64,11.24,66,Cash,3.2,Delivered,1,Tuesday,Senior (45+),Slow,Far,Premium
1552,2024-11-09,49,Bakery,888.36,11.72,33,Cash,2.7,Delivered,11,Saturday,Senior (45+),Normal,Far,Premium
1553,2024-05-12,19,Fast Food,311.13,13.33,31,Card,3.9,Delivered,5,Sunday,Young (18-29),Normal,Far,Budget
1554,2024-05-07,39,Cafe,258.2,14.96,70,UPI,3.3,Cancelled,5,Tuesday,Adult (30-44),Slow,Far,Budget
1555,2024-01-31,52,Cafe,1043.71,5.63,49,Cash,3.6,Cancelled,1,Wednesday,Senior (45+),Normal,Medium,Premium
1556,2024-02-14,20,Indian,216.94,3.16,57,UPI,2.9,Cancelled,2,Wednesday,Young (18-29),Normal,Near,Budget
1557,2024-12-11,36,Chinese,206.94,8.79,80,UPI,2.9,Cancelled,12,Wednesday,Adult (30-44),Slow,Medium,Budget
1558,2024-04-03,31,Bakery,386.2,12.44,63,UPI,4.0,Delivered,4,Wednesday,Adult (30-44),Slow,Far,Budget
1559,2024-12-13,27,Chinese,263.83,0.54,55,Card,2.9,Delayed,12,Friday,Young (18-29),Normal,Near,Budget
1560,2024-03-21,28,Chinese,850.37,14.49,78,UPI,3.1,Delivered,3,Thursday,Young (18-29),Slow,Far,Premium
1561,2024-07-28,22,Fast Food,801.03,1.64,77,Cash,5.0,Cancelled,7,Sunday,Young (18-29),Slow,Near,Regular
1562,2024-09-30,55,Italian,788.99,2.98,57,Card,3.9,Delayed,9,Monday,Senior (45+),Normal,Near,Regular
1563,2024-12-26,40,Chinese,423.18,13.44,17,Cash,5.0,Cancelled,12,Thursday,Adult (30-44),Fast,Far,Budget
1564,2024-02-12,35,Italian,458.3,8.99,55,UPI,2.6,Cancelled,2,Monday,Adult (30-44),Normal,Medium,Regular
1565,2024-10-17,28,Indian,919.26,2.89,76,Card,4.6,Delayed,10,Thursday,Young (18-29),Slow,Near,Premium
1566,2024-11-12,35,Chinese,296.7,8.21,86,UPI,2.6,Cancelled,11,Tuesday,Adult (30-44),Slow,Medium,Budget
1567,2024-08-16,54,Bakery,779.7,5.72,29,Card,3.1,Delivered,8,Friday,Senior (45+),Fast,Medium,Regular
1568,2024-04-29,51,Bakery,1099.94,10.7,81,Cash,4.5,Cancelled,4,Monday,Senior (45+),Slow,Far,Premium
1569,2024-10-08,55,Cafe,252.06,13.93,83,UPI,4.2,Delayed,10,Tuesday,Senior (45+),Slow,Far,Budget
1570,2024-11-10,45,Cafe,893.56,9.44,17,Cash,4.1,Delivered,11,Sunday,Senior (45+),Fast,Medium,Premium
1571,2024-12-20,57,Indian,1117.76,4.17,19,Cash,3.1,Cancelled,12,Friday,Senior (45+),Fast,Near,Premium
1572,2024-11-02,63,Indian,743.87,13.36,50,Wallet,3.6,Cancelled,11,Saturday,Senior (45+),Normal,Far,Regular
1573,2024-06-30,65,Italian,814.9,6.2,26,Cash,4.6,Cancelled,6,Sunday,Senior (45+),Fast,Medium,Regular
1574,2024-08-27,63,Fast Food,1170.99,4.32,36,Cash,3.7,Delivered,8,Tuesday,Senior (45+),Normal,Near,Premium
1575,2024-01-03,28,Cafe,581.01,7.8,80,Cash,4.9,Delivered,1,Wednesday,Young (18-29),Slow,Medium,Regular
1576,2024-09-05,28,Cafe,1111.96,1.91,29,Card,3.3,Delayed,9,Thursday,Young (18-29),Fast,Near,Premium
1577,2024-08-29,32,Bakery,1021.01,9.08,44,UPI,3.8,Cancelled,8,Thursday,Adult (30-44),Normal,Medium,Premium
1578,2024-02-04,21,Fast Food,247.64,2.83,71,Cash,4.0,Cancelled,2,Sunday,Young (18-29),Slow,Near,Budget
1579,2024-03-10,27,Italian,1042.44,10.46,19,Cash,4.6,Delivered,3,Sunday,Young (18-29),Fast,Far,Premium
1580,2024-03-06,37,Indian,338.73,6.01,83,Wallet,3.8,Cancelled,3,Wednesday,Adult (30-44),Slow,Medium,Budget
1581,2024-04-20,27,Italian,329.62,13.13,78,Cash,4.0,Delivered,4,Saturday,Young (18-29),Slow,Far,Budget
1582,2024-09-16,25,Italian,1052.93,2.21,30,Wallet,2.9,Cancelled,9,Monday,Young (18-29),Normal,Near,Premium
1583,2024-10-10,27,Cafe,1041.18,4.66,56,Card,4.7,Cancelled,10,Thursday,Young (18-29),Normal,Near,Premium
1584,2024-07-03,44,Bakery,491.33,13.26,25,Cash,4.7,Delayed,7,Wednesday,Adult (30-44),Fast,Far,Regular
1585,2024-04-07,31,Italian,591.84,12.5,90,UPI,3.4,Delivered,4,Sunday,Adult (30-44),Slow,Far,Regular
1586,2024-10-18,18,Italian,737.21,10.76,78,Wallet,3.2,Delivered,10,Friday,Young (18-29),Slow,Far,Regular
1587,2024-04-23,48,Italian,797.89,4.05,56,Card,3.6,Cancelled,4,Tuesday,Senior (45+),Normal,Near,Regular
1588,2024-09-09,41,Fast Food,1037.91,0.57,44,Card,4.5,Delayed,9,Monday,Adult (30-44),Normal,Near,Premium
1589,2024-04-29,19,Chinese,193.04,10.21,61,UPI,4.2,Cancelled,4,Monday,Young (18-29),Slow,Far,Budget
1590,2024-07-31,37,Chinese,1039.81,12.59,38,UPI,3.0,Delivered,7,Wednesday,Adult (30-44),Normal,Far,Premium
1591,2024-11-13,28,Chinese,1002.71,6.94,74,Cash,4.7,Delivered,11,Wednesday,Young (18-29),Slow,Medium,Premium
1592,2024-10-07,45,Italian,485.6,6.66,24,UPI,3.5,Delayed,10,Monday,Senior (45+),Fast,Medium,Regular
1593,2024-02-05,62,Chinese,155.57,2.06,20,Wallet,4.7,Delayed,2,Monday,Senior (45+),Fast,Near,Budget
1594,2024-09-19,40,Italian,1000.27,12.44,49,Wallet,3.3,Cancelled,9,Thursday,Adult (30-44),Normal,Far,Premium
1595,2024-11-03,28,Cafe,1089.95,4.81,60,Cash,4.4,Delivered,11,Sunday,Young (18-29),Slow,Near,Premium
1596,2024-08-21,18,Bakery,938.42,0.69,19,Cash,3.8,Delayed,8,Wednesday,Young (18-29),Fast,Near,Premium
1597,2024-01-28,21,Cafe,482.71,1.53,57,UPI,4.7,Delayed,1,Sunday,Young (18-29),Normal,Near,Regular
1598,2024-04-08,22,Cafe,995.83,1.29,18,Card,3.2,Delayed,4,Monday,Young (18-29),Fast,Near,Premium
1599,2024-10-28,46,Cafe,834.48,14.53,67,Wallet,4.1,Delayed,10,Monday,Senior (45+),Slow,Far,Regular
1600,2024-08-19,41,Bakery,527.08,7.81,39,Wallet,3.2,Cancelled,8,Monday,Adult (30-44),Normal,Medium,Regular
1601,2024-08-01,65,Chinese,236.07,3.81,77,Card,3.5,Delivered,8,Thursday,Senior (45+),Slow,Near,Budget
1602,2024-05-29,50,Chinese,526.96,1.3,82,Card,3.0,Delayed,5,Wednesday,Senior (45+),Slow,Near,Regular
1603,2024-03-22,30,Indian,407.33,9.82,25,Cash,4.8,Delivered,3,Friday,Adult (30-44),Fast,Medium,Budget
1604,2024-12-10,22,Bakery,409.47,13.46,21,Card,4.9,Delayed,12,Tuesday,Young (18-29),Fast,Far,Budget
1605,2024-12-07,27,Indian,476.69,7.09,66,Cash,2.9,Cancelled,12,Saturday,Young (18-29),Slow,Medium,Regular
1606,2024-07-12,44,Fast Food,919.72,2.02,18,UPI,4.0,Delivered,7,Friday,Adult (30-44),Fast,Near,Premium
1607,2024-11-05,29,Bakery,393.43,8.44,41,Card,4.4,Delayed,11,Tuesday,Young (18-29),Normal,Medium,Budget
1608,2024-02-19,50,Fast Food,1011.37,3.99,47,Wallet,3.8,Delivered,2,Monday,Senior (45+),Normal,Near,Premium
1609,2024-03-02,55,Italian,721.37,6.47,22,Cash,3.8,Delayed,3,Saturday,Senior (45+),Fast,Medium,Regular
1610,2024-07-24,29,Italian,384.89,7.64,19,UPI,4.9,Cancelled,7,Wednesday,Young (18-29),Fast,Medium,Budget
1611,2024-08-03,25,Fast Food,594.83,8.06,38,Wallet,3.6,Delivered,8,Saturday,Young (18-29),Normal,Medium,Regular
1612,2024-01-21,24,Fast Food,1124.41,5.09,35,Cash,3.6,Delayed,1,Sunday,Young (18-29),Normal,Medium,Premium
1613,2024-02-11,57,Bakery,821.7,4.4,52,Wallet,3.7,Delayed,2,Sunday,Senior (45+),Normal,Near,Regular
1614,2024-09-04,40,Fast Food,970.34,3.96,48,UPI,2.8,Delivered,9,Wednesday,Adult (30-44),Normal,Near,Premium
1615,2024-01-25,31,Bakery,1076.79,2.23,16,UPI,4.4,Delivered,1,Thursday,Adult (30-44),Fast,Near,Premium
1616,2024-12-25,43,Indian,813.06,7.37,22,UPI,4.4,Delayed,12,Wednesday,Adult (30-44),Fast,Medium,Regular
1617,2024-08-30,27,Chinese,1176.44,11.68,27,UPI,3.7,Delivered,8,Friday,Young (18-29),Fast,Far,Premium
1618,2024-10-02,21,Bakery,1056.5,2.55,57,Wallet,2.9,Delivered,10,Wednesday,Young (18-29),Normal,Near,Premium
1619,2024-12-02,35,Chinese,429.83,3.44,26,UPI,3.1,Delayed,12,Monday,Adult (30-44),Fast,Near,Budget
1620,2024-11-07,26,Fast Food,1199.78,10.95,67,Cash,3.7,Cancelled,11,Thursday,Young (18-29),Slow,Far,Premium
1621,2024-12-04,63,Bakery,785.22,11.24,55,Cash,3.0,Delivered,12,Wednesday,Senior (45+),Normal,Far,Regular
1622,2024-04-25,33,Fast Food,1114.07,1.59,51,Cash,4.9,Delivered,4,Thursday,Adult (30-44),Normal,Near,Premium
1623,2024-05-11,24,Indian,1119.05,13.6,83,UPI,4.0,Delivered,5,Saturday,Young (18-29),Slow,Far,Premium
1624,2024-09-21,49,Chinese,1064.04,5.58,47,Cash,4.1,Delivered,9,Saturday,Senior (45+),Normal,Medium,Premium
1625,2024-02-05,33,Italian,474.81,1.27,87,Card,4.3,Cancelled,2,Monday,Adult (30-44),Slow,Near,Regular
1626,2024-04-12,24,Indian,546.15,11.25,34,UPI,3.2,Delayed,4,Friday,Young (18-29),Normal,Far,Regular
1627,2024-06-03,44,Chinese,411.54,1.06,43,Cash,4.3,Cancelled,6,Monday,Adult (30-44),Normal,Near,Budget
1628,2024-05-26,20,Indian,1102.63,0.85,87,Card,4.7,Cancelled,5,Sunday,Young (18-29),Slow,Near,Premium
1629,2024-07-23,62,Bakery,688.82,4.65,19,UPI,4.1,Delivered,7,Tuesday,Senior (45+),Fast,Near,Regular
1630,2024-04-30,65,Cafe,152.58,6.3,87,Wallet,4.4,Cancelled,4,Tuesday,Senior (45+),Slow,Medium,Budget
1631,2024-03-30,48,Fast Food,406.84,14.51,35,Wallet,4.1,Delivered,3,Saturday,Senior (45+),Normal,Far,Budget
1632,2024-10-29,58,Fast Food,456.1,13.09,90,UPI,4.4,Cancelled,10,Tuesday,Senior (45+),Slow,Far,Regular
1633,2024-03-09,49,Fast Food,581.36,4.56,28,Cash,3.8,Cancelled,3,Saturday,Senior (45+),Fast,Near,Regular
1634,2024-09-02,56,Bakery,638.83,11.42,22,UPI,3.0,Delayed,9,Monday,Senior (45+),Fast,Far,Regular
1635,2024-10-30,55,Cafe,1162.53,9.91,24,UPI,3.1,Cancelled,10,Wednesday,Senior (45+),Fast,Medium,Premium
1636,2024-08-07,43,Cafe,830.72,4.22,71,Cash,2.6,Delayed,8,Wednesday,Adult (30-44),Slow,Near,Regular
1637,2024-07-05,65,Fast Food,1020.59,12.69,54,Cash,2.9,Delayed,7,Friday,Senior (45+),Normal,Far,Premium
1638,2024-10-09,39,Italian,1195.8,2.92,32,Cash,2.9,Cancelled,10,Wednesday,Adult (30-44),Normal,Near,Premium
1639,2024-12-14,42,Italian,307.15,1.79,52,Card,3.4,Delayed,12,Saturday,Adult (30-44),Normal,Near,Budget
1640,2024-11-06,53,Chinese,232.27,11.29,54,Card,3.0,Delivered,11,Wednesday,Senior (45+),Normal,Far,Budget
1641,2024-11-04,36,Cafe,356.2,3.25,88,Wallet,3.8,Delayed,11,Monday,Adult (30-44),Slow,Near,Budget
1642,2024-11-06,20,Cafe,1129.94,14.76,72,Wallet,3.0,Delayed,11,Wednesday,Young (18-29),Slow,Far,Premium
1643,2024-07-15,48,Chinese,1177.67,4.03,61,Cash,3.6,Delayed,7,Monday,Senior (45+),Slow,Near,Premium
1644,2024-09-03,32,Chinese,817.71,2.77,27,Cash,4.3,Delivered,9,Tuesday,Adult (30-44),Fast,Near,Regular
1645,2024-06-28,63,Italian,614.15,0.93,33,Wallet,5.0,Cancelled,6,Friday,Senior (45+),Normal,Near,Regular
1646,2024-11-10,41,Bakery,728.16,13.26,45,Wallet,3.8,Delayed,11,Sunday,Adult (30-44),Normal,Far,Regular
1647,2024-01-21,61,Indian,974.36,13.41,35,UPI,3.3,Delivered,1,Sunday,Senior (45+),Normal,Far,Premium
1648,2024-10-24,51,Chinese,1118.83,13.18,65,UPI,3.3,Delayed,10,Thursday,Senior (45+),Slow,Far,Premium
1649,2024-02-22,31,Bakery,1171.05,10.71,58,Wallet,3.3,Cancelled,2,Thursday,Adult (30-44),Normal,Far,Premium
1650,2024-07-29,35,Bakery,547.4,13.55,50,UPI,2.8,Delayed,7,Monday,Adult (30-44),Normal,Far,Regular
1651,2024-01-29,36,Bakery,1052.54,10.08,24,Card,3.2,Cancelled,1,Monday,Adult (30-44),Fast,Far,Premium
1652,2024-04-22,32,Chinese,573.02,12.11,21,Card,3.6,Delayed,4,Monday,Adult (30-44),Fast,Far,Regular
1653,2024-06-06,39,Chinese,365.38,1.22,62,Cash,4.9,Delayed,6,Thursday,Adult (30-44),Slow,Near,Budget
1654,2024-06-12,23,Indian,653.94,3.44,55,UPI,4.6,Delivered,6,Wednesday,Young (18-29),Normal,Near,Regular
1655,2024-05-10,37,Chinese,975.27,12.74,71,UPI,2.6,Cancelled,5,Friday,Adult (30-44),Slow,Far,Premium
1656,2024-11-18,54,Cafe,848.97,12.57,47,Wallet,2.9,Delivered,11,Monday,Senior (45+),Normal,Far,Regular
1657,2024-12-30,53,Bakery,643.31,14.48,73,UPI,4.4,Cancelled,12,Monday,Senior (45+),Slow,Far,Regular
1658,2024-05-11,42,Fast Food,887.05,10.82,20,Cash,3.0,Delayed,5,Saturday,Adult (30-44),Fast,Far,Premium
1659,2024-05-30,39,Italian,799.97,13.11,85,Cash,3.1,Delivered,5,Thursday,Adult (30-44),Slow,Far,Regular
1660,2024-03-15,43,Italian,740.94,7.11,41,Cash,3.9,Delayed,3,Friday,Adult (30-44),Normal,Medium,Regular
1661,2024-05-11,29,Cafe,346.75,2.71,32,Cash,4.1,Delivered,5,Saturday,Young (18-29),Normal,Near,Budget
1662,2024-05-09,53,Indian,938.76,7.53,40,Wallet,4.1,Delivered,5,Thursday,Senior (45+),Normal,Medium,Premium
1663,2024-02-17,44,Bakery,813.07,11.45,44,Card,3.0,Cancelled,2,Saturday,Adult (30-44),Normal,Far,Regular
1664,2024-12-10,40,Italian,326.46,6.98,70,UPI,4.7,Cancelled,12,Tuesday,Adult (30-44),Slow,Medium,Budget
1665,2024-04-01,47,Chinese,245.41,1.1,31,Wallet,3.6,Delivered,4,Monday,Senior (45+),Normal,Near,Budget
1666,2024-09-14,25,Cafe,1001.24,8.84,27,Wallet,4.3,Cancelled,9,Saturday,Young (18-29),Fast,Medium,Premium
1667,2024-11-13,18,Fast Food,975.88,9.91,87,Wallet,2.8,Cancelled,11,Wednesday,Young (18-29),Slow,Medium,Premium
1668,2024-07-23,37,Italian,809.55,12.61,74,Wallet,4.3,Delivered,7,Tuesday,Adult (30-44),Slow,Far,Regular
1669,2024-06-28,63,Indian,568.01,6.92,82,UPI,4.4,Cancelled,6,Friday,Senior (45+),Slow,Medium,Regular
1670,2024-08-20,64,Fast Food,1150.93,11.09,53,UPI,4.6,Delayed,8,Tuesday,Senior (45+),Normal,Far,Premium
1671,2024-05-05,56,Chinese,895.04,6.35,32,Cash,3.7,Cancelled,5,Sunday,Senior (45+),Normal,Medium,Premium
1672,2024-07-11,53,Bakery,392.27,5.94,22,Wallet,4.8,Cancelled,7,Thursday,Senior (45+),Fast,Medium,Budget
1673,2024-02-26,35,Bakery,892.72,6.06,81,UPI,3.4,Delivered,2,Monday,Adult (30-44),Slow,Medium,Premium
1674,2024-11-19,60,Chinese,1176.54,13.51,81,Card,3.6,Cancelled,11,Tuesday,Senior (45+),Slow,Far,Premium
1675,2024-03-21,63,Bakery,768.64,2.58,37,Card,3.9,Delivered,3,Thursday,Senior (45+),Normal,Near,Regular
1676,2024-07-31,57,Cafe,745.75,5.53,28,Cash,4.4,Cancelled,7,Wednesday,Senior (45+),Fast,Medium,Regular
1677,2024-09-10,61,Indian,984.23,10.13,75,Wallet,2.6,Delayed,9,Tuesday,Senior (45+),Slow,Far,Premium
1678,2024-09-10,51,Fast Food,1143.64,5.39,39,Card,2.6,Delayed,9,Tuesday,Senior (45+),Normal,Medium,Premium
1679,2024-07-11,53,Cafe,892.31,10.42,48,UPI,3.8,Delayed,7,Thursday,Senior (45+),Normal,Far,Premium
1680,2024-12-29,46,Italian,977.87,7.96,58,Wallet,4.8,Delivered,12,Sunday,Senior (45+),Normal,Medium,Premium
1681,2024-01-24,64,Chinese,1048.6,6.86,48,Wallet,3.7,Delayed,1,Wednesday,Senior (45+),Normal,Medium,Premium
1682,2024-01-15,55,Chinese,886.37,9.39,21,Cash,4.8,Delayed,1,Monday,Senior (45+),Fast,Medium,Premium
1683,2024-03-14,63,Italian,378.2,12.34,42,UPI,4.0,Cancelled,3,Thursday,Senior (45+),Normal,Far,Budget
1684,2024-07-11,55,Chinese,418.17,11.11,34,Wallet,4.5,Cancelled,7,Thursday,Senior (45+),Normal,Far,Budget
1685,2024-11-03,54,Italian,401.66,3.16,80,UPI,3.6,Cancelled,11,Sunday,Senior (45+),Slow,Near,Budget
1686,2024-07-21,48,Bakery,234.71,8.49,57,Card,4.7,Delivered,7,Sunday,Senior (45+),Normal,Medium,Budget
1687,2024-02-22,34,Italian,473.5,3.59,83,Cash,3.0,Cancelled,2,Thursday,Adult (30-44),Slow,Near,Regular
1688,2024-01-19,31,Fast Food,464.57,9.3,52,Cash,4.1,Cancelled,1,Friday,Adult (30-44),Normal,Medium,Regular
1689,2024-06-21,40,Bakery,296.64,10.85,70,Wallet,3.3,Delivered,6,Friday,Adult (30-44),Slow,Far,Budget
1690,2024-12-11,53,Italian,240.29,14.57,40,Wallet,3.1,Delayed,12,Wednesday,Senior (45+),Normal,Far,Budget
1691,2024-08-02,47,Fast Food,168.16,10.77,90,UPI,4.6,Cancelled,8,Friday,Senior (45+),Slow,Far,Budget
1692,2024-12-16,23,Chinese,710.18,4.05,15,UPI,3.8,Delivered,12,Monday,Young (18-29),Fast,Near,Regular
1693,2024-08-07,28,Indian,883.51,2.34,85,Wallet,4.1,Delayed,8,Wednesday,Young (18-29),Slow,Near,Premium
1694,2024-10-11,48,Italian,643.31,14.47,35,Cash,2.7,Delivered,10,Friday,Senior (45+),Normal,Far,Regular
1695,2024-12-05,28,Italian,626.84,11.59,35,Cash,4.9,Delayed,12,Thursday,Young (18-29),Normal,Far,Regular
1696,2024-01-30,23,Cafe,688.77,13.66,52,UPI,3.3,Cancelled,1,Tuesday,Young (18-29),Normal,Far,Regular
1697,2024-11-30,22,Fast Food,1055.8,11.42,27,UPI,3.9,Cancelled,11,Saturday,Young (18-29),Fast,Far,Premium
1698,2024-06-17,30,Italian,916.63,11.59,70,Wallet,4.0,Delivered,6,Monday,Adult (30-44),Slow,Far,Premium
1699,2024-11-30,21,Cafe,243.7,12.34,40,UPI,2.9,Cancelled,11,Saturday,Young (18-29),Normal,Far,Budget
1700,2024-10-07,18,Cafe,872.92,5.95,25,Cash,4.2,Delayed,10,Monday,Young (18-29),Fast,Medium,Premium
1701,2024-07-12,63,Chinese,707.37,7.79,54,Cash,2.8,Cancelled,7,Friday,Senior (45+),Normal,Medium,Regular
1702,2024-08-06,50,Indian,742.71,4.26,76,Card,2.9,Delivered,8,Tuesday,Senior (45+),Slow,Near,Regular
1703,2024-03-22,41,Italian,621.67,7.47,53,Wallet,3.2,Delayed,3,Friday,Adult (30-44),Normal,Medium,Regular
1704,2024-07-27,41,Indian,907.04,14.62,23,UPI,3.6,Delivered,7,Saturday,Adult (30-44),Fast,Far,Premium
1705,2024-06-07,49,Fast Food,680.68,4.85,87,Cash,4.1,Delivered,6,Friday,Senior (45+),Slow,Near,Regular
1706,2024-06-01,47,Italian,701.51,7.62,48,Wallet,2.6,Delivered,6,Saturday,Senior (45+),Normal,Medium,Regular
1707,2024-07-16,65,Italian,951.3,11.63,80,Wallet,4.2,Cancelled,7,Tuesday,Senior (45+),Slow,Far,Premium
1708,2024-11-13,65,Italian,628.58,3.79,50,Wallet,4.2,Cancelled,11,Wednesday,Senior (45+),Normal,Near,Regular
1709,2024-10-11,42,Cafe,683.54,7.93,27,Wallet,4.6,Cancelled,10,Friday,Adult (30-44),Fast,Medium,Regular
1710,2024-03-18,32,Italian,450.29,9.83,81,Cash,4.0,Cancelled,3,Monday,Adult (30-44),Slow,Medium,Regular
1711,2024-04-13,38,Fast Food,798.13,11.76,84,Wallet,4.3,Cancelled,4,Saturday,Adult (30-44),Slow,Far,Regular
1712,2024-11-18,51,Bakery,1193.39,14.09,21,Card,4.8,Cancelled,11,Monday,Senior (45+),Fast,Far,Premium
1713,2024-04-13,53,Italian,1014.48,13.44,51,Wallet,3.5,Cancelled,4,Saturday,Senior (45+),Normal,Far,Premium
1714,2024-10-21,39,Fast Food,263.4,7.67,44,Cash,3.7,Delayed,10,Monday,Adult (30-44),Normal,Medium,Budget
1715,2024-02-16,44,Chinese,769.74,13.46,78,Card,3.4,Cancelled,2,Friday,Adult (30-44),Slow,Far,Regular
1716,2024-01-28,37,Chinese,883.83,12.7,67,Card,3.3,Delivered,1,Sunday,Adult (30-44),Slow,Far,Premium
1717,2024-07-21,27,Italian,535.34,6.82,84,UPI,3.2,Cancelled,7,Sunday,Young (18-29),Slow,Medium,Regular
1718,2024-09-08,27,Fast Food,714.79,5.03,36,Cash,3.3,Delayed,9,Sunday,Young (18-29),Normal,Medium,Regular
1719,2024-02-08,27,Fast Food,619.73,4.82,52,Cash,4.8,Cancelled,2,Thursday,Young (18-29),Normal,Near,Regular
1720,2024-10-28,34,Fast Food,830.83,12.05,73,Cash,3.7,Cancelled,10,Monday,Adult (30-44),Slow,Far,Regular
1721,2024-04-10,46,Fast Food,1159.52,9.18,78,Wallet,4.1,Delayed,4,Wednesday,Senior (45+),Slow,Medium,Premium
1722,2024-04-15,25,Cafe,606.96,3.65,17,UPI,2.8,Cancelled,4,Monday,Young (18-29),Fast,Near,Regular
1723,2024-11-27,21,Cafe,961.47,14.41,37,Cash,3.5,Delivered,11,Wednesday,Young (18-29),Normal,Far,Premium
1724,2024-04-19,58,Fast Food,541.4,1.25,26,Cash,3.9,Delivered,4,Friday,Senior (45+),Fast,Near,Regular
1725,2024-09-05,57,Cafe,1198.51,8.8,15,Cash,3.6,Delivered,9,Thursday,Senior (45+),Fast,Medium,Premium
1726,2024-11-09,22,Chinese,586.29,2.06,62,Card,4.3,Delivered,11,Saturday,Young (18-29),Slow,Near,Regular
1727,2024-09-07,51,Fast Food,623.86,8.55,44,Wallet,3.2,Delivered,9,Saturday,Senior (45+),Normal,Medium,Regular
1728,2024-02-01,56,Fast Food,274.34,14.0,25,UPI,3.9,Delayed,2,Thursday,Senior (45+),Fast,Far,Budget
1729,2024-09-03,20,Cafe,224.31,6.09,53,Card,4.6,Cancelled,9,Tuesday,Young (18-29),Normal,Medium,Budget
1730,2024-06-01,43,Indian,288.76,1.45,58,Wallet,4.2,Delayed,6,Saturday,Adult (30-44),Normal,Near,Budget
1731,2024-10-14,62,Italian,349.01,1.54,48,Cash,4.0,Cancelled,10,Monday,Senior (45+),Normal,Near,Budget
1732,2024-10-15,65,Cafe,1125.95,2.83,50,Wallet,3.4,Cancelled,10,Tuesday,Senior (45+),Normal,Near,Premium
1733,2024-06-07,24,Cafe,338.21,1.71,49,Wallet,3.2,Delayed,6,Friday,Young (18-29),Normal,Near,Budget
1734,2024-01-24,44,Fast Food,1174.99,5.08,73,Wallet,2.6,Delayed,1,Wednesday,Adult (30-44),Slow,Medium,Premium
1735,2024-03-18,60,Fast Food,811.69,10.13,18,Cash,5.0,Delivered,3,Monday,Senior (45+),Fast,Far,Regular
1736,2024-04-09,29,Fast Food,650.46,13.42,89,Wallet,5.0,Delivered,4,Tuesday,Young (18-29),Slow,Far,Regular
1737,2024-08-30,56,Cafe,902.91,1.41,60,Card,4.2,Delayed,8,Friday,Senior (45+),Slow,Near,Premium
1738,2024-09-12,37,Chinese,161.45,5.11,51,Card,3.4,Delayed,9,Thursday,Adult (30-44),Normal,Medium,Budget
1739,2024-08-23,27,Fast Food,257.57,9.86,45,Card,3.4,Cancelled,8,Friday,Young (18-29),Normal,Medium,Budget
1740,2024-09-16,36,Fast Food,712.05,5.16,53,Card,4.3,Cancelled,9,Monday,Adult (30-44),Normal,Medium,Regular
1741,2024-07-05,44,Cafe,543.38,5.36,64,Cash,4.8,Cancelled,7,Friday,Adult (30-44),Slow,Medium,Regular
1742,2024-04-05,42,Cafe,250.76,8.52,19,Cash,3.4,Delivered,4,Friday,Adult (30-44),Fast,Medium,Budget
1743,2024-06-15,62,Chinese,1133.1,5.45,28,Cash,4.1,Delayed,6,Saturday,Senior (45+),Fast,Medium,Premium
1744,2024-09-24,27,Bakery,394.83,14.61,45,Cash,4.8,Delayed,9,Tuesday,Young (18-29),Normal,Far,Budget
1745,2024-05-10,29,Bakery,869.81,6.27,66,Wallet,3.1,Delivered,5,Friday,Young (18-29),Slow,Medium,Premium
1746,2024-11-28,52,Italian,923.9,8.6,30,Card,3.1,Delayed,11,Thursday,Senior (45+),Normal,Medium,Premium
1747,2024-05-03,25,Bakery,1070.12,12.16,84,Cash,4.4,Delivered,5,Friday,Young (18-29),Slow,Far,Premium
1748,2024-08-12,40,Italian,1035.66,3.05,70,Cash,3.9,Cancelled,8,Monday,Adult (30-44),Slow,Near,Premium
1749,2024-07-09,43,Chinese,520.7,5.04,40,UPI,4.8,Delayed,7,Tuesday,Adult (30-44),Normal,Medium,Regular
1750,2024-12-28,36,Cafe,843.97,14.88,18,UPI,2.8,Delivered,12,Saturday,Adult (30-44),Fast,Far,Regular
1751,2024-10-01,57,Bakery,405.03,6.99,33,Cash,4.0,Cancelled,10,Tuesday,Senior (45+),Normal,Medium,Budget
1752,2024-08-23,37,Chinese,1111.6,2.5,34,Cash,3.4,Cancelled,8,Friday,Adult (30-44),Normal,Near,Premium
1753,2024-05-14,27,Fast Food,1156.07,11.98,61,Card,2.6,Cancelled,5,Tuesday,Young (18-29),Slow,Far,Premium
1754,2024-08-21,45,Indian,1130.5,2.56,38,Cash,5.0,Cancelled,8,Wednesday,Senior (45+),Normal,Near,Premium
1755,2024-12-02,37,Cafe,392.98,0.6,42,Wallet,4.9,Delayed,12,Monday,Adult (30-44),Normal,Near,Budget
1756,2024-04-11,56,Chinese,598.44,9.2,39,Cash,2.9,Delivered,4,Thursday,Senior (45+),Normal,Medium,Regular
1757,2024-02-12,19,Chinese,821.28,8.19,38,Card,4.3,Delivered,2,Monday,Young (18-29),Normal,Medium,Regular
1758,2024-10-02,64,Chinese,313.07,13.33,46,Wallet,2.7,Cancelled,10,Wednesday,Senior (45+),Normal,Far,Budget
1759,2024-11-27,49,Chinese,327.54,8.25,62,Card,4.0,Delivered,11,Wednesday,Senior (45+),Slow,Medium,Budget
1760,2024-10-03,52,Fast Food,304.26,14.89,50,Wallet,4.4,Delivered,10,Thursday,Senior (45+),Normal,Far,Budget
1761,2024-03-05,52,Fast Food,162.96,5.04,63,UPI,3.6,Cancelled,3,Tuesday,Senior (45+),Slow,Medium,Budget
1762,2024-08-13,22,Chinese,871.99,6.26,31,UPI,2.7,Cancelled,8,Tuesday,Young (18-29),Normal,Medium,Premium
1763,2024-05-25,45,Chinese,1182.22,6.85,58,Wallet,2.7,Delayed,5,Saturday,Senior (45+),Normal,Medium,Premium
1764,2024-11-12,19,Indian,544.47,12.95,21,UPI,3.8,Cancelled,11,Tuesday,Young (18-29),Fast,Far,Regular
1765,2024-01-31,30,Bakery,397.98,0.9,29,Card,3.3,Delayed,1,Wednesday,Adult (30-44),Fast,Near,Budget
1766,2024-06-01,26,Bakery,323.14,12.0,37,UPI,3.3,Delayed,6,Saturday,Young (18-29),Normal,Far,Budget
1767,2024-08-17,62,Bakery,504.17,2.38,61,Cash,4.4,Delivered,8,Saturday,Senior (45+),Slow,Near,Regular
1768,2024-06-02,49,Bakery,1113.34,13.09,40,UPI,3.3,Delayed,6,Sunday,Senior (45+),Normal,Far,Premium
1769,2024-08-22,35,Cafe,452.31,11.16,16,Wallet,3.3,Delivered,8,Thursday,Adult (30-44),Fast,Far,Regular
1770,2024-07-07,37,Italian,269.95,5.95,45,Cash,3.0,Cancelled,7,Sunday,Adult (30-44),Normal,Medium,Budget
1771,2024-11-24,60,Bakery,634.07,5.37,81,Wallet,2.7,Delayed,11,Sunday,Senior (45+),Slow,Medium,Regular
1772,2024-07-10,29,Chinese,185.2,2.83,27,Card,3.3,Delivered,7,Wednesday,Young (18-29),Fast,Near,Budget
1773,2024-10-28,54,Indian,840.26,1.71,41,UPI,3.2,Delivered,10,Monday,Senior (45+),Normal,Near,Regular
1774,2024-08-05,27,Fast Food,297.75,1.98,52,Wallet,4.2,Cancelled,8,Monday,Young (18-29),Normal,Near,Budget
1775,2024-11-30,64,Chinese,684.52,2.34,67,Cash,4.5,Cancelled,11,Saturday,Senior (45+),Slow,Near,Regular
1776,2024-07-26,50,Fast Food,911.28,12.67,28,UPI,2.8,Cancelled,7,Friday,Senior (45+),Fast,Far,Premium
1777,2024-09-23,51,Fast Food,326.92,13.79,45,UPI,3.7,Delayed,9,Monday,Senior (45+),Normal,Far,Budget
1778,2024-09-08,59,Bakery,574.54,1.34,76,Card,3.8,Cancelled,9,Sunday,Senior (45+),Slow,Near,Regular
1779,2024-01-14,63,Cafe,1065.58,8.88,69,Wallet,2.8,Delivered,1,Sunday,Senior (45+),Slow,Medium,Premium
1780,2024-11-11,43,Italian,995.09,8.2,75,Cash,2.9,Delivered,11,Monday,Adult (30-44),Slow,Medium,Premium
1781,2024-03-18,52,Chinese,989.4,12.52,72,Cash,4.5,Cancelled,3,Monday,Senior (45+),Slow,Far,Premium
1782,2024-12-28,20,Italian,455.53,7.65,75,Cash,2.8,Delayed,12,Saturday,Young (18-29),Slow,Medium,Regular
1783,2024-05-31,65,Fast Food,772.27,10.65,87,Card,3.8,Cancelled,5,Friday,Senior (45+),Slow,Far,Regular
1784,2024-11-04,24,Fast Food,740.05,14.54,38,Wallet,4.8,Cancelled,11,Monday,Young (18-29),Normal,Far,Regular
1785,2024-12-10,27,Cafe,822.71,3.65,24,Wallet,3.5,Cancelled,12,Tuesday,Young (18-29),Fast,Near,Regular
1786,2024-06-10,47,Cafe,417.04,4.75,54,Wallet,2.8,Delivered,6,Monday,Senior (45+),Normal,Near,Budget
1787,2024-07-05,57,Indian,1026.28,12.42,74,Card,4.5,Delivered,7,Friday,Senior (45+),Slow,Far,Premium
1788,2024-03-23,57,Indian,1010.35,9.42,59,Card,3.3,Cancelled,3,Saturday,Senior (45+),Normal,Medium,Premium
1789,2024-01-13,55,Indian,1043.88,12.57,24,Card,3.5,Delivered,1,Saturday,Senior (45+),Fast,Far,Premium
1790,2024-12-15,40,Bakery,425.01,1.83,42,Card,3.1,Delivered,12,Sunday,Adult (30-44),Normal,Near,Budget
1791,2024-02-21,42,Bakery,632.17,3.8,78,Card,3.2,Delivered,2,Wednesday,Adult (30-44),Slow,Near,Regular
1792,2024-01-02,32,Bakery,337.82,10.72,70,Cash,3.2,Cancelled,1,Tuesday,Adult (30-44),Slow,Far,Budget
1793,2024-04-01,58,Fast Food,1098.61,6.34,42,UPI,2.5,Delayed,4,Monday,Senior (45+),Normal,Medium,Premium
1794,2024-08-09,28,Cafe,562.78,2.06,76,UPI,3.2,Cancelled,8,Friday,Young (18-29),Slow,Near,Regular
1795,2024-09-10,39,Cafe,292.88,11.29,39,Card,2.9,Delivered,9,Tuesday,Adult (30-44),Normal,Far,Budget
1796,2024-06-10,47,Bakery,373.78,9.35,51,Card,2.8,Cancelled,6,Monday,Senior (45+),Normal,Medium,Budget
1797,2024-12-10,58,Bakery,434.37,14.84,32,Card,4.7,Cancelled,12,Tuesday,Senior (45+),Normal,Far,Budget
1798,2024-06-05,32,Bakery,217.41,8.15,60,Wallet,5.0,Cancelled,6,Wednesday,Adult (30-44),Slow,Medium,Budget
1799,2024-04-10,59,Cafe,341.3,7.68,44,Card,3.5,Cancelled,4,Wednesday,Senior (45+),Normal,Medium,Budget
1800,2024-03-06,49,Cafe,229.02,2.02,81,UPI,2.8,Delayed,3,Wednesday,Senior (45+),Slow,Near,Budget
1801,2024-08-15,58,Italian,486.01,8.01,46,Card,4.2,Cancelled,8,Thursday,Senior (45+),Normal,Medium,Regular
1802,2024-01-08,27,Indian,812.2,9.65,76,Wallet,3.2,Delivered,1,Monday,Young (18-29),Slow,Medium,Regular
1803,2024-04-07,43,Cafe,631.96,7.69,79,Wallet,4.9,Delivered,4,Sunday,Adult (30-44),Slow,Medium,Regular
1804,2024-09-24,37,Fast Food,247.42,3.88,43,UPI,3.8,Cancelled,9,Tuesday,Adult (30-44),Normal,Near,Budget
1805,2024-03-15,21,Italian,192.11,2.94,36,UPI,4.9,Delivered,3,Friday,Young (18-29),Normal,Near,Budget
1806,2024-08-25,31,Bakery,150.9,4.69,19,Card,3.4,Delivered,8,Sunday,Adult (30-44),Fast,Near,Budget
1807,2024-11-03,33,Bakery,831.0,7.58,78,Wallet,4.6,Delivered,11,Sunday,Adult (30-44),Slow,Medium,Regular
1808,2024-11-14,48,Italian,916.49,13.88,59,Card,4.0,Delivered,11,Thursday,Senior (45+),Normal,Far,Premium
1809,2024-09-17,58,Chinese,585.4,8.44,83,Cash,2.8,Delayed,9,Tuesday,Senior (45+),Slow,Medium,Regular
1810,2024-10-08,28,Fast Food,384.63,13.86,45,UPI,3.4,Delayed,10,Tuesday,Young (18-29),Normal,Far,Budget
1811,2024-10-04,40,Chinese,198.31,3.41,34,UPI,4.2,Delayed,10,Friday,Adult (30-44),Normal,Near,Budget
1812,2024-07-05,26,Chinese,786.06,14.86,64,UPI,3.7,Delivered,7,Friday,Young (18-29),Slow,Far,Regular
1813,2024-07-13,49,Italian,896.54,13.77,87,UPI,4.8,Delayed,7,Saturday,Senior (45+),Slow,Far,Premium
1814,2024-05-20,21,Indian,638.8,3.48,16,Wallet,2.6,Delivered,5,Monday,Young (18-29),Fast,Near,Regular
1815,2024-06-05,42,Indian,348.54,12.73,82,Card,2.8,Delayed,6,Wednesday,Adult (30-44),Slow,Far,Budget
1816,2024-10-13,18,Fast Food,886.41,11.68,23,Wallet,4.4,Delayed,10,Sunday,Young (18-29),Fast,Far,Premium
1817,2024-02-22,62,Indian,177.35,0.74,81,Cash,4.3,Delayed,2,Thursday,Senior (45+),Slow,Near,Budget
1818,2024-05-03,21,Indian,173.08,11.21,50,Wallet,3.7,Delivered,5,Friday,Young (18-29),Normal,Far,Budget
1819,2024-05-17,46,Bakery,424.24,9.31,87,UPI,4.7,Cancelled,5,Friday,Senior (45+),Slow,Medium,Budget
1820,2024-07-28,60,Italian,1013.87,3.06,44,Card,4.7,Cancelled,7,Sunday,Senior (45+),Normal,Near,Premium
1821,2024-08-30,22,Chinese,1182.06,3.46,55,UPI,2.6,Delayed,8,Friday,Young (18-29),Normal,Near,Premium
1822,2024-02-25,27,Chinese,459.85,5.0,44,UPI,4.5,Delayed,2,Sunday,Young (18-29),Normal,Medium,Regular
1823,2024-02-02,61,Fast Food,506.4,5.18,42,Card,3.3,Delayed,2,Friday,Senior (45+),Normal,Medium,Regular
1824,2024-03-17,41,Bakery,832.73,11.02,41,Card,4.0,Delayed,3,Sunday,Adult (30-44),Normal,Far,Regular
1825,2024-01-03,37,Fast Food,732.15,7.34,70,Wallet,2.6,Delivered,1,Wednesday,Adult (30-44),Slow,Medium,Regular
1826,2024-06-28,35,Bakery,515.89,4.2,75,Wallet,3.5,Delivered,6,Friday,Adult (30-44),Slow,Near,Regular
1827,2024-01-17,48,Indian,1092.05,12.45,30,Cash,4.0,Delivered,1,Wednesday,Senior (45+),Normal,Far,Premium
1828,2024-04-26,18,Cafe,431.04,6.13,62,UPI,4.2,Delivered,4,Friday,Young (18-29),Slow,Medium,Budget
1829,2024-08-02,41,Italian,1127.37,9.67,36,Wallet,4.5,Cancelled,8,Friday,Adult (30-44),Normal,Medium,Premium
1830,2024-05-04,48,Bakery,962.98,14.49,87,Wallet,3.3,Delivered,5,Saturday,Senior (45+),Slow,Far,Premium
1831,2024-06-13,23,Indian,873.54,8.28,28,Card,4.9,Delayed,6,Thursday,Young (18-29),Fast,Medium,Premium
1832,2024-08-24,53,Fast Food,396.09,13.56,70,Cash,3.7,Delivered,8,Saturday,Senior (45+),Slow,Far,Budget
1833,2024-12-13,45,Cafe,1026.15,5.34,32,Cash,2.7,Cancelled,12,Friday,Senior (45+),Normal,Medium,Premium
1834,2024-08-06,58,Cafe,744.01,2.37,68,UPI,2.8,Cancelled,8,Tuesday,Senior (45+),Slow,Near,Regular
1835,2024-01-10,19,Fast Food,1048.47,9.37,30,Card,5.0,Delayed,1,Wednesday,Young (18-29),Normal,Medium,Premium
1836,2024-11-16,23,Fast Food,635.97,0.52,65,Card,3.8,Cancelled,11,Saturday,Young (18-29),Slow,Near,Regular
1837,2024-02-15,43,Italian,943.92,7.21,45,Wallet,4.0,Delivered,2,Thursday,Adult (30-44),Normal,Medium,Premium
1838,2024-05-06,33,Chinese,894.59,3.18,60,Card,4.0,Delayed,5,Monday,Adult (30-44),Slow,Near,Premium
1839,2024-12-25,23,Indian,1093.38,11.6,43,Cash,4.4,Delayed,12,Wednesday,Young (18-29),Normal,Far,Premium
1840,2024-03-25,54,Italian,884.42,14.91,81,Card,3.6,Cancelled,3,Monday,Senior (45+),Slow,Far,Premium
1841,2024-11-21,60,Indian,690.25,3.54,80,Wallet,4.6,Delivered,11,Thursday,Senior (45+),Slow,Near,Regular
1842,2024-07-18,47,Indian,908.17,11.85,63,Card,2.8,Cancelled,7,Thursday,Senior (45+),Slow,Far,Premium
1843,2024-11-11,60,Bakery,351.42,3.95,43,Wallet,2.9,Cancelled,11,Monday,Senior (45+),Normal,Near,Budget
1844,2024-05-15,48,Fast Food,287.39,10.95,25,Card,4.2,Delivered,5,Wednesday,Senior (45+),Fast,Far,Budget
1845,2024-12-11,29,Italian,553.09,6.49,54,Cash,3.3,Delayed,12,Wednesday,Young (18-29),Normal,Medium,Regular
1846,2024-08-08,18,Italian,812.06,4.57,22,Card,3.5,Delivered,8,Thursday,Young (18-29),Fast,Near,Regular
1847,2024-07-28,20,Chinese,1003.9,13.8,63,Wallet,4.6,Cancelled,7,Sunday,Young (18-29),Slow,Far,Premium
1848,2024-09-24,31,Chinese,266.27,10.23,51,Cash,4.9,Delayed,9,Tuesday,Adult (30-44),Normal,Far,Budget
1849,2024-09-12,43,Cafe,720.37,13.86,27,Card,3.0,Cancelled,9,Thursday,Adult (30-44),Fast,Far,Regular
1850,2024-11-22,18,Chinese,734.32,1.72,19,Cash,3.9,Delivered,11,Friday,Young (18-29),Fast,Near,Regular
1851,2024-09-26,26,Indian,261.7,2.53,79,Card,3.5,Cancelled,9,Thursday,Young (18-29),Slow,Near,Budget
1852,2024-04-13,26,Bakery,180.31,5.03,50,Wallet,5.0,Delayed,4,Saturday,Young (18-29),Normal,Medium,Budget
1853,2024-08-16,19,Bakery,847.81,13.35,37,UPI,4.4,Cancelled,8,Friday,Young (18-29),Normal,Far,Regular
1854,2024-11-15,39,Indian,504.32,11.64,31,Cash,4.0,Delivered,11,Friday,Adult (30-44),Normal,Far,Regular
1855,2024-01-03,18,Cafe,516.57,5.48,47,Cash,2.9,Cancelled,1,Wednesday,Young (18-29),Normal,Medium,Regular
1856,2024-01-15,61,Bakery,459.76,12.17,85,Card,4.5,Delayed,1,Monday,Senior (45+),Slow,Far,Regular
1857,2024-08-02,54,Cafe,853.26,12.35,34,Card,3.1,Cancelled,8,Friday,Senior (45+),Normal,Far,Premium
1858,2024-10-28,59,Indian,1173.22,11.81,27,UPI,5.0,Delayed,10,Monday,Senior (45+),Fast,Far,Premium
1859,2024-08-25,55,Cafe,458.73,12.93,37,Wallet,4.8,Cancelled,8,Sunday,Senior (45+),Normal,Far,Regular
1860,2024-10-03,24,Cafe,723.23,11.07,23,Cash,3.9,Delayed,10,Thursday,Young (18-29),Fast,Far,Regular
1861,2024-06-29,54,Chinese,429.49,7.95,84,Wallet,2.6,Delayed,6,Saturday,Senior (45+),Slow,Medium,Budget
1862,2024-11-11,64,Chinese,1065.45,7.34,81,Card,4.6,Delivered,11,Monday,Senior (45+),Slow,Medium,Premium
1863,2024-10-04,43,Chinese,981.32,10.34,52,Cash,4.3,Cancelled,10,Friday,Adult (30-44),Normal,Far,Premium
1864,2024-12-16,35,Italian,790.05,11.44,27,Wallet,4.3,Delivered,12,Monday,Adult (30-44),Fast,Far,Regular
1865,2024-10-23,65,Italian,243.69,10.73,38,Cash,4.4,Delayed,10,Wednesday,Senior (45+),Normal,Far,Budget
1866,2024-07-21,53,Indian,548.19,13.24,67,UPI,3.1,Delivered,7,Sunday,Senior (45+),Slow,Far,Regular
1867,2024-08-22,50,Italian,541.05,4.87,73,UPI,4.5,Delayed,8,Thursday,Senior (45+),Slow,Near,Regular
1868,2024-05-02,18,Cafe,1033.08,14.5,44,Wallet,3.5,Delayed,5,Thursday,Young (18-29),Normal,Far,Premium
1869,2024-11-08,23,Italian,209.16,4.87,31,UPI,2.5,Cancelled,11,Friday,Young (18-29),Normal,Near,Budget
1870,2024-10-23,25,Cafe,774.23,4.0,42,UPI,3.2,Delayed,10,Wednesday,Young (18-29),Normal,Near,Regular
1871,2024-01-13,21,Indian,865.37,5.44,75,UPI,3.9,Delayed,1,Saturday,Young (18-29),Slow,Medium,Premium
1872,2024-08-17,25,Fast Food,1167.96,10.95,67,Wallet,2.8,Cancelled,8,Saturday,Young (18-29),Slow,Far,Premium
1873,2024-08-18,24,Chinese,404.18,14.8,28,Card,3.1,Delayed,8,Sunday,Young (18-29),Fast,Far,Budget
1874,2024-09-10,35,Indian,430.96,7.94,56,Cash,2.6,Cancelled,9,Tuesday,Adult (30-44),Normal,Medium,Budget
1875,2024-09-28,52,Bakery,848.93,12.86,83,UPI,4.2,Cancelled,9,Saturday,Senior (45+),Slow,Far,Regular
1876,2024-02-28,51,Bakery,1037.0,11.3,62,Card,3.3,Delayed,2,Wednesday,Senior (45+),Slow,Far,Premium
1877,2024-08-31,39,Chinese,512.83,2.56,22,Card,4.5,Cancelled,8,Saturday,Adult (30-44),Fast,Near,Regular
1878,2024-05-06,22,Bakery,790.49,3.68,86,Cash,3.3,Cancelled,5,Monday,Young (18-29),Slow,Near,Regular
1879,2024-04-21,38,Cafe,631.43,14.65,33,Cash,3.5,Cancelled,4,Sunday,Adult (30-44),Normal,Far,Regular
1880,2024-09-03,18,Italian,909.67,9.16,40,Wallet,2.5,Delivered,9,Tuesday,Young (18-29),Normal,Medium,Premium
1881,2024-08-07,48,Indian,568.3,12.5,29,Card,3.6,Delivered,8,Wednesday,Senior (45+),Fast,Far,Regular
1882,2024-01-12,53,Italian,758.08,13.67,43,Card,3.3,Delayed,1,Friday,Senior (45+),Normal,Far,Regular
1883,2024-05-07,21,Cafe,195.46,13.91,66,Card,2.9,Delivered,5,Tuesday,Young (18-29),Slow,Far,Budget
1884,2024-06-02,58,Fast Food,487.27,10.21,34,Card,4.4,Delayed,6,Sunday,Senior (45+),Normal,Far,Regular
1885,2024-02-16,28,Fast Food,613.36,12.41,40,UPI,3.0,Cancelled,2,Friday,Young (18-29),Normal,Far,Regular
1886,2024-03-12,28,Cafe,166.89,4.65,33,Cash,4.9,Delayed,3,Tuesday,Young (18-29),Normal,Near,Budget
1887,2024-09-17,44,Indian,273.44,11.11,31,UPI,3.7,Delayed,9,Tuesday,Adult (30-44),Normal,Far,Budget
1888,2024-04-16,59,Fast Food,433.69,9.8,64,UPI,4.5,Cancelled,4,Tuesday,Senior (45+),Slow,Medium,Budget
1889,2024-11-17,29,Chinese,377.8,9.98,65,Wallet,2.6,Delayed,11,Sunday,Young (18-29),Slow,Medium,Budget
1890,2024-03-01,38,Cafe,175.1,14.24,26,Card,3.8,Delayed,3,Friday,Adult (30-44),Fast,Far,Budget
1891,2024-09-06,63,Cafe,415.32,12.7,45,UPI,4.4,Delayed,9,Friday,Senior (45+),Normal,Far,Budget
1892,2024-05-31,26,Fast Food,402.94,6.85,22,Wallet,3.9,Delivered,5,Friday,Young (18-29),Fast,Medium,Budget
1893,2024-10-06,34,Indian,204.12,8.26,32,Cash,4.4,Delivered,10,Sunday,Adult (30-44),Normal,Medium,Budget
1894,2024-03-01,48,Fast Food,803.45,14.3,32,Cash,2.8,Cancelled,3,Friday,Senior (45+),Normal,Far,Regular
1895,2024-04-13,53,Chinese,1047.37,13.76,63,Cash,4.2,Delivered,4,Saturday,Senior (45+),Slow,Far,Premium
1896,2024-02-06,50,Indian,816.19,9.54,32,UPI,4.1,Delivered,2,Tuesday,Senior (45+),Normal,Medium,Regular
1897,2024-07-07,28,Chinese,927.4,14.7,45,UPI,3.3,Delivered,7,Sunday,Young (18-29),Normal,Far,Premium
1898,2024-11-03,62,Chinese,228.26,13.18,19,Card,4.6,Delivered,11,Sunday,Senior (45+),Fast,Far,Budget
1899,2024-05-31,30,Indian,915.58,6.07,34,Wallet,3.8,Cancelled,5,Friday,Adult (30-44),Normal,Medium,Premium
1900,2024-10-30,54,Chinese,224.32,13.6,21,UPI,4.0,Cancelled,10,Wednesday,Senior (45+),Fast,Far,Budget
1901,2024-09-11,58,Cafe,356.35,0.56,51,UPI,4.7,Delivered,9,Wednesday,Senior (45+),Normal,Near,Budget
1902,2024-05-13,57,Fast Food,875.23,0.71,65,UPI,3.2,Delayed,5,Monday,Senior (45+),Slow,Near,Premium
1903,2024-10-13,63,Italian,873.21,9.33,16,UPI,3.5,Delivered,10,Sunday,Senior (45+),Fast,Medium,Premium
1904,2024-04-27,31,Italian,660.61,1.02,38,Cash,3.6,Cancelled,4,Saturday,Adult (30-44),Normal,Near,Regular
1905,2024-09-11,32,Italian,445.08,14.12,50,Wallet,3.9,Delivered,9,Wednesday,Adult (30-44),Normal,Far,Budget
1906,2024-02-04,41,Cafe,1140.45,10.18,74,UPI,4.9,Delayed,2,Sunday,Adult (30-44),Slow,Far,Premium
1907,2024-04-26,54,Fast Food,584.89,0.77,17,Cash,4.7,Delayed,4,Friday,Senior (45+),Fast,Near,Regular
1908,2024-07-19,62,Indian,1085.47,9.97,36,UPI,2.9,Delivered,7,Friday,Senior (45+),Normal,Medium,Premium
1909,2024-03-10,56,Italian,480.42,14.57,15,UPI,3.0,Cancelled,3,Sunday,Senior (45+),Fast,Far,Regular
1910,2024-11-09,21,Cafe,240.4,7.1,67,Wallet,3.7,Cancelled,11,Saturday,Young (18-29),Slow,Medium,Budget
1911,2024-06-04,45,Cafe,623.99,2.27,60,Wallet,3.1,Delayed,6,Tuesday,Senior (45+),Slow,Near,Regular
1912,2024-07-01,53,Italian,814.55,11.39,38,Wallet,5.0,Delayed,7,Monday,Senior (45+),Normal,Far,Regular
1913,2024-08-04,64,Chinese,618.56,0.73,28,Wallet,3.8,Delivered,8,Sunday,Senior (45+),Fast,Near,Regular
1914,2024-06-10,19,Italian,881.96,9.91,25,Wallet,4.9,Cancelled,6,Monday,Young (18-29),Fast,Medium,Premium
1915,2024-05-11,61,Bakery,545.64,6.13,35,Cash,2.5,Cancelled,5,Saturday,Senior (45+),Normal,Medium,Regular
1916,2024-06-01,26,Bakery,1170.78,8.69,70,UPI,5.0,Delayed,6,Saturday,Young (18-29),Slow,Medium,Premium
1917,2024-09-09,29,Chinese,301.59,3.02,15,Card,4.4,Cancelled,9,Monday,Young (18-29),Fast,Near,Budget
1918,2024-12-21,51,Italian,1025.76,2.04,90,Wallet,4.7,Delayed,12,Saturday,Senior (45+),Slow,Near,Premium
1919,2024-11-05,47,Bakery,462.47,14.6,41,Wallet,4.8,Delayed,11,Tuesday,Senior (45+),Normal,Far,Regular
1920,2024-10-20,25,Indian,864.15,11.55,30,Wallet,2.9,Delayed,10,Sunday,Young (18-29),Normal,Far,Premium
1921,2024-11-06,38,Fast Food,571.48,13.74,86,Wallet,4.2,Delayed,11,Wednesday,Adult (30-44),Slow,Far,Regular
1922,2024-06-18,48,Chinese,810.02,12.19,16,Wallet,2.5,Delayed,6,Tuesday,Senior (45+),Fast,Far,Regular
1923,2024-12-13,50,Indian,850.61,13.69,61,Cash,3.8,Delayed,12,Friday,Senior (45+),Slow,Far,Premium
1924,2024-07-21,60,Indian,615.77,7.5,41,Card,4.4,Cancelled,7,Sunday,Senior (45+),Normal,Medium,Regular
1925,2024-08-02,57,Fast Food,882.39,10.42,46,Card,3.5,Delivered,8,Friday,Senior (45+),Normal,Far,Premium
1926,2024-11-21,36,Bakery,667.86,6.68,38,Card,4.9,Delayed,11,Thursday,Adult (30-44),Normal,Medium,Regular
1927,2024-06-30,38,Chinese,278.64,7.83,25,Cash,3.2,Delayed,6,Sunday,Adult (30-44),Fast,Medium,Budget
1928,2024-10-16,35,Chinese,695.99,3.29,40,Cash,4.1,Delivered,10,Wednesday,Adult (30-44),Normal,Near,Regular
1929,2024-05-08,53,Bakery,709.58,11.7,29,Cash,4.6,Delivered,5,Wednesday,Senior (45+),Fast,Far,Regular
1930,2024-11-18,37,Bakery,960.1,14.79,86,Wallet,4.2,Delayed,11,Monday,Adult (30-44),Slow,Far,Premium
1931,2024-09-26,62,Cafe,221.98,11.63,24,Card,3.3,Delivered,9,Thursday,Senior (45+),Fast,Far,Budget
1932,2024-10-25,56,Cafe,430.0,1.02,16,Card,4.4,Delayed,10,Friday,Senior (45+),Fast,Near,Budget
1933,2024-04-16,24,Cafe,925.87,10.7,31,Wallet,2.6,Delayed,4,Tuesday,Young (18-29),Normal,Far,Premium
1934,2024-10-12,51,Indian,408.18,3.05,48,Card,4.4,Delayed,10,Saturday,Senior (45+),Normal,Near,Budget
1935,2024-08-24,47,Fast Food,545.3,1.48,23,Card,4.7,Delayed,8,Saturday,Senior (45+),Fast,Near,Regular
1936,2024-04-23,31,Cafe,1137.66,10.19,59,Cash,3.1,Delayed,4,Tuesday,Adult (30-44),Normal,Far,Premium
1937,2024-10-24,25,Fast Food,920.95,13.36,52,UPI,3.7,Delayed,10,Thursday,Young (18-29),Normal,Far,Premium
1938,2024-12-26,40,Cafe,1015.62,1.91,65,UPI,3.9,Delayed,12,Thursday,Adult (30-44),Slow,Near,Premium
1939,2024-10-23,24,Bakery,577.9,13.05,64,UPI,4.8,Delayed,10,Wednesday,Young (18-29),Slow,Far,Regular
1940,2024-06-04,30,Bakery,1062.93,1.63,41,Wallet,4.1,Delayed,6,Tuesday,Adult (30-44),Normal,Near,Premium
1941,2024-01-25,54,Fast Food,511.25,6.85,70,Card,4.1,Delayed,1,Thursday,Senior (45+),Slow,Medium,Regular
1942,2024-03-11,25,Bakery,1027.96,13.44,28,UPI,3.9,Delayed,3,Monday,Young (18-29),Fast,Far,Premium
1943,2024-09-18,20,Cafe,599.79,5.35,15,Card,4.7,Delivered,9,Wednesday,Young (18-29),Fast,Medium,Regular
1944,2024-09-24,20,Indian,756.03,8.49,57,Wallet,3.2,Cancelled,9,Tuesday,Young (18-29),Normal,Medium,Regular
1945,2024-07-08,60,Fast Food,553.71,8.11,15,Card,3.1,Cancelled,7,Monday,Senior (45+),Fast,Medium,Regular
1946,2024-12-11,56,Indian,765.96,9.23,68,Card,3.8,Cancelled,12,Wednesday,Senior (45+),Slow,Medium,Regular
1947,2024-11-06,32,Indian,925.22,13.33,35,Wallet,3.0,Cancelled,11,Wednesday,Adult (30-44),Normal,Far,Premium
1948,2024-03-18,25,Chinese,473.11,9.5,39,Cash,4.9,Delivered,3,Monday,Young (18-29),Normal,Medium,Regular
1949,2024-11-12,48,Italian,169.85,12.98,33,UPI,2.9,Cancelled,11,Tuesday,Senior (45+),Normal,Far,Budget
1950,2024-06-13,22,Indian,1006.75,1.86,82,Card,3.5,Delivered,6,Thursday,Young (18-29),Slow,Near,Premium
1951,2024-01-16,39,Chinese,861.44,13.14,29,UPI,2.7,Delivered,1,Tuesday,Adult (30-44),Fast,Far,Premium
1952,2024-06-02,52,Fast Food,221.6,11.32,64,Cash,4.1,Delivered,6,Sunday,Senior (45+),Slow,Far,Budget
1953,2024-10-05,30,Chinese,603.04,1.32,15,Wallet,3.0,Delayed,10,Saturday,Adult (30-44),Fast,Near,Regular
1954,2024-02-04,41,Bakery,300.45,13.65,57,Cash,3.7,Cancelled,2,Sunday,Adult (30-44),Normal,Far,Budget
1955,2024-06-12,59,Italian,811.82,6.47,86,Cash,4.8,Delivered,6,Wednesday,Senior (45+),Slow,Medium,Regular
1956,2024-05-25,61,Indian,1106.48,12.39,85,Cash,4.9,Delayed,5,Saturday,Senior (45+),Slow,Far,Premium
1957,2024-07-04,47,Italian,604.3,11.93,58,Card,3.2,Delayed,7,Thursday,Senior (45+),Normal,Far,Regular
1958,2024-11-10,44,Chinese,1110.32,8.3,28,Wallet,3.1,Cancelled,11,Sunday,Adult (30-44),Fast,Medium,Premium
1959,2024-02-11,44,Italian,1111.18,2.51,58,Card,4.4,Delayed,2,Sunday,Adult (30-44),Normal,Near,Premium
1960,2024-01-25,31,Fast Food,639.75,0.73,48,Wallet,3.4,Cancelled,1,Thursday,Adult (30-44),Normal,Near,Regular
1961,2024-05-21,25,Indian,401.57,14.67,79,Wallet,3.6,Cancelled,5,Tuesday,Young (18-29),Slow,Far,Budget
1962,2024-11-17,25,Chinese,558.52,4.66,19,Card,3.6,Delivered,11,Sunday,Young (18-29),Fast,Near,Regular
1963,2024-02-13,49,Italian,866.83,10.9,30,Card,5.0,Delivered,2,Tuesday,Senior (45+),Normal,Far,Premium
1964,2024-04-30,48,Fast Food,618.11,13.53,16,Card,3.8,Cancelled,4,Tuesday,Senior (45+),Fast,Far,Regular
1965,2024-05-19,60,Bakery,614.38,12.07,61,UPI,5.0,Delayed,5,Sunday,Senior (45+),Slow,Far,Regular
1966,2024-04-23,40,Chinese,988.12,8.08,25,UPI,3.9,Delayed,4,Tuesday,Adult (30-44),Fast,Medium,Premium
1967,2024-06-10,53,Fast Food,802.78,2.89,35,Cash,4.5,Delayed,6,Monday,Senior (45+),Normal,Near,Regular
1968,2024-02-03,61,Italian,880.35,14.56,61,Card,4.2,Delivered,2,Saturday,Senior (45+),Slow,Far,Premium
1969,2024-06-19,51,Fast Food,565.26,0.95,81,Wallet,3.8,Cancelled,6,Wednesday,Senior (45+),Slow,Near,Regular
1970,2024-01-19,25,Bakery,1100.8,14.24,40,Card,3.3,Cancelled,1,Friday,Young (18-29),Normal,Far,Premium
1971,2024-02-12,49,Indian,659.51,3.15,30,UPI,2.8,Delayed,2,Monday,Senior (45+),Normal,Near,Regular
1972,2024-12-09,42,Cafe,464.33,9.05,90,Wallet,4.8,Delivered,12,Monday,Adult (30-44),Slow,Medium,Regular
1973,2024-10-28,19,Cafe,436.37,3.59,53,Wallet,2.9,Delivered,10,Monday,Young (18-29),Normal,Near,Budget
1974,2024-08-29,62,Bakery,426.32,13.57,16,Wallet,2.9,Delivered,8,Thursday,Senior (45+),Fast,Far,Budget
1975,2024-06-01,42,Indian,631.84,11.19,36,Cash,4.0,Cancelled,6,Saturday,Adult (30-44),Normal,Far,Regular
1976,2024-11-04,64,Fast Food,514.14,8.23,89,Wallet,3.6,Delayed,11,Monday,Senior (45+),Slow,Medium,Regular
1977,2024-07-14,18,Fast Food,667.69,9.91,41,UPI,4.1,Cancelled,7,Sunday,Young (18-29),Normal,Medium,Regular
1978,2024-10-10,42,Cafe,702.56,3.24,62,Card,2.6,Delivered,10,Thursday,Adult (30-44),Slow,Near,Regular
1979,2024-01-16,34,Indian,843.53,9.27,64,Wallet,3.9,Delivered,1,Tuesday,Adult (30-44),Slow,Medium,Regular
1980,2024-12-26,45,Italian,470.02,10.25,28,UPI,3.3,Delayed,12,Thursday,Senior (45+),Fast,Far,Regular
1981,2024-10-07,40,Fast Food,486.16,13.73,17,Card,4.8,Delivered,10,Monday,Adult (30-44),Fast,Far,Regular
1982,2024-03-10,25,Indian,387.43,7.75,21,Card,5.0,Cancelled,3,Sunday,Young (18-29),Fast,Medium,Budget
1983,2024-10-04,38,Cafe,789.85,13.47,49,Cash,2.7,Cancelled,10,Friday,Adult (30-44),Normal,Far,Regular
1984,2024-10-11,47,Indian,818.01,2.67,77,Cash,3.3,Delivered,10,Friday,Senior (45+),Slow,Near,Regular
1985,2024-10-10,55,Italian,562.79,4.43,81,Card,3.4,Delivered,10,Thursday,Senior (45+),Slow,Near,Regular
1986,2024-03-08,48,Chinese,345.01,7.53,86,UPI,3.1,Delivered,3,Friday,Senior (45+),Slow,Medium,Budget
1987,2024-03-12,52,Indian,176.07,12.76,85,Card,3.4,Delayed,3,Tuesday,Senior (45+),Slow,Far,Budget
1988,2024-05-06,51,Chinese,438.94,13.21,90,UPI,4.2,Delivered,5,Monday,Senior (45+),Slow,Far,Budget
1989,2024-04-19,27,Cafe,801.77,1.65,41,Wallet,4.8,Delayed,4,Friday,Young (18-29),Normal,Near,Regular
1990,2024-08-13,39,Bakery,363.48,13.8,45,UPI,4.6,Delivered,8,Tuesday,Adult (30-44),Normal,Far,Budget
1991,2024-06-07,51,Fast Food,382.6,1.59,54,Wallet,4.1,Delayed,6,Friday,Senior (45+),Normal,Near,Budget
1992,2024-12-28,44,Bakery,1064.03,2.48,27,UPI,3.8,Cancelled,12,Saturday,Adult (30-44),Fast,Near,Premium
1993,2024-06-06,28,Fast Food,1140.82,3.88,73,UPI,3.2,Cancelled,6,Thursday,Young (18-29),Slow,Near,Premium
1994,2024-07-09,62,Italian,962.78,9.37,26,Card,3.6,Cancelled,7,Tuesday,Senior (45+),Fast,Medium,Premium
1995,2024-09-05,38,Indian,867.66,14.7,67,Card,4.3,Delayed,9,Thursday,Adult (30-44),Slow,Far,Premium
1996,2024-09-20,56,Italian,751.92,12.76,76,Cash,3.9,Cancelled,9,Friday,Senior (45+),Slow,Far,Regular
1997,2024-08-24,27,Cafe,576.7,1.6,35,Cash,3.2,Cancelled,8,Saturday,Young (18-29),Normal,Near,Regular
1998,2024-06-13,50,Italian,1160.88,4.66,24,Cash,3.6,Cancelled,6,Thursday,Senior (45+),Fast,Near,Premium
1999,2024-10-12,42,Bakery,790.11,2.73,64,Card,2.9,Delivered,10,Saturday,Adult (30-44),Slow,Near,Regular
2000,2024-09-23,44,Fast Food,1100.99,11.36,72,Card,2.5,Delayed,9,Monday,Adult (30-44),Slow,Far,Premium
2001,2024-12-27,59,Italian,311.32,14.19,43,Cash,2.6,Delayed,12,Friday,Senior (45+),Normal,Far,Budget
2002,2024-07-21,53,Chinese,1173.5,5.44,34,UPI,2.8,Delayed,7,Sunday,Senior (45+),Normal,Medium,Premium
2003,2024-01-18,42,Bakery,639.06,12.98,88,Card,2.7,Delivered,1,Thursday,Adult (30-44),Slow,Far,Regular
2004,2024-06-11,34,Italian,525.22,3.41,43,Wallet,4.7,Cancelled,6,Tuesday,Adult (30-44),Normal,Near,Regular
2005,2024-10-22,28,Italian,214.8,8.87,36,Cash,2.8,Delayed,10,Tuesday,Young (18-29),Normal,Medium,Budget
2006,2024-10-23,63,Chinese,825.76,12.46,41,UPI,4.1,Cancelled,10,Wednesday,Senior (45+),Normal,Far,Regular
2007,2024-10-20,36,Chinese,1141.78,9.18,23,Card,2.9,Delayed,10,Sunday,Adult (30-44),Fast,Medium,Premium
2008,2024-03-27,29,Fast Food,1022.05,7.86,53,UPI,4.7,Cancelled,3,Wednesday,Young (18-29),Normal,Medium,Premium
2009,2024-06-10,45,Cafe,219.91,8.72,27,UPI,4.9,Delayed,6,Monday,Senior (45+),Fast,Medium,Budget
2010,2024-03-14,46,Bakery,206.35,7.78,65,Cash,3.3,Delayed,3,Thursday,Senior (45+),Slow,Medium,Budget
2011,2024-11-15,48,Italian,686.55,3.68,37,Wallet,2.8,Delayed,11,Friday,Senior (45+),Normal,Near,Regular
2012,2024-06-16,31,Fast Food,196.0,14.89,68,Card,4.1,Delivered,6,Sunday,Adult (30-44),Slow,Far,Budget
2013,2024-05-12,49,Fast Food,1192.79,5.51,37,UPI,4.8,Delayed,5,Sunday,Senior (45+),Normal,Medium,Premium
2014,2024-02-26,40,Cafe,571.76,3.38,28,Wallet,4.5,Delivered,2,Monday,Adult (30-44),Fast,Near,Regular
2015,2024-11-28,61,Fast Food,503.83,9.52,70,UPI,2.7,Delayed,11,Thursday,Senior (45+),Slow,Medium,Regular
2016,2024-12-31,21,Indian,489.01,1.41,71,Cash,4.5,Delayed,12,Tuesday,Young (18-29),Slow,Near,Regular
2017,2024-06-16,23,Indian,408.23,4.24,68,Card,3.2,Cancelled,6,Sunday,Young (18-29),Slow,Near,Budget
2018,2024-09-02,33,Italian,615.47,11.06,41,Cash,2.8,Delayed,9,Monday,Adult (30-44),Normal,Far,Regular
2019,2024-08-23,57,Bakery,1157.74,4.91,77,UPI,3.6,Delayed,8,Friday,Senior (45+),Slow,Near,Premium
2020,2024-10-22,58,Fast Food,719.97,1.61,73,Cash,3.5,Delayed,10,Tuesday,Senior (45+),Slow,Near,Regular
2021,2024-12-07,62,Chinese,877.82,7.75,32,Card,3.4,Cancelled,12,Saturday,Senior (45+),Normal,Medium,Premium
2022,2024-06-03,38,Chinese,733.19,1.6,67,Cash,2.9,Cancelled,6,Monday,Adult (30-44),Slow,Near,Regular
2023,2024-10-27,53,Fast Food,1140.55,2.79,38,UPI,4.8,Delivered,10,Sunday,Senior (45+),Normal,Near,Premium
2024,2024-06-10,23,Chinese,1109.67,11.84,54,Card,3.4,Delayed,6,Monday,Young (18-29),Normal,Far,Premium
2025,2024-03-18,53,Bakery,1081.8,3.39,48,Cash,4.5,Delivered,3,Monday,Senior (45+),Normal,Near,Premium
2026,2024-05-21,23,Chinese,714.84,4.35,33,Cash,3.5,Cancelled,5,Tuesday,Young (18-29),Normal,Near,Regular
2027,2024-08-03,30,Cafe,1065.94,14.3,68,Cash,2.7,Delivered,8,Saturday,Adult (30-44),Slow,Far,Premium
2028,2024-12-09,53,Cafe,152.22,8.83,60,Cash,3.8,Delayed,12,Monday,Senior (45+),Slow,Medium,Budget
2029,2024-09-11,58,Chinese,337.17,8.45,66,Card,3.1,Delayed,9,Wednesday,Senior (45+),Slow,Medium,Budget
2030,2024-05-05,59,Fast Food,266.87,8.25,28,Wallet,4.2,Cancelled,5,Sunday,Senior (45+),Fast,Medium,Budget
2031,2024-07-03,56,Cafe,898.12,3.96,57,Wallet,4.1,Delayed,7,Wednesday,Senior (45+),Normal,Near,Premium
2032,2024-06-15,43,Cafe,927.36,1.16,49,UPI,4.1,Delivered,6,Saturday,Adult (30-44),Normal,Near,Premium
2033,2024-02-23,29,Indian,877.49,13.66,66,UPI,3.2,Cancelled,2,Friday,Young (18-29),Slow,Far,Premium
2034,2024-11-13,57,Bakery,564.35,14.5,42,UPI,4.3,Cancelled,11,Wednesday,Senior (45+),Normal,Far,Regular
2035,2024-02-24,54,Bakery,560.75,14.4,83,Wallet,3.4,Delayed,2,Saturday,Senior (45+),Slow,Far,Regular
2036,2024-03-31,38,Italian,885.75,14.07,15,UPI,3.5,Delivered,3,Sunday,Adult (30-44),Fast,Far,Premium
2037,2024-04-10,59,Italian,236.37,8.57,30,UPI,4.4,Delivered,4,Wednesday,Senior (45+),Normal,Medium,Budget
2038,2024-10-16,33,Chinese,599.13,1.44,44,UPI,3.7,Delayed,10,Wednesday,Adult (30-44),Normal,Near,Regular
2039,2024-03-10,33,Cafe,1195.47,11.76,31,Wallet,2.9,Delivered,3,Sunday,Adult (30-44),Normal,Far,Premium
2040,2024-01-21,44,Chinese,688.13,14.9,33,Wallet,2.9,Cancelled,1,Sunday,Adult (30-44),Normal,Far,Regular
2041,2024-11-01,30,Chinese,163.16,13.1,69,Cash,3.8,Cancelled,11,Friday,Adult (30-44),Slow,Far,Budget
2042,2024-11-27,56,Indian,1075.67,9.08,76,Wallet,2.7,Cancelled,11,Wednesday,Senior (45+),Slow,Medium,Premium
2043,2024-06-09,60,Fast Food,910.23,1.61,64,Card,3.0,Cancelled,6,Sunday,Senior (45+),Slow,Near,Premium
2044,2024-07-22,25,Indian,832.83,11.27,74,UPI,3.0,Delivered,7,Monday,Young (18-29),Slow,Far,Regular
2045,2024-06-11,37,Cafe,943.87,13.35,21,Wallet,4.2,Delayed,6,Tuesday,Adult (30-44),Fast,Far,Premium
2046,2024-08-17,32,Fast Food,366.64,12.26,45,Card,4.6,Delivered,8,Saturday,Adult (30-44),Normal,Far,Budget
2047,2024-09-11,31,Bakery,671.68,10.35,72,Wallet,3.0,Delivered,9,Wednesday,Adult (30-44),Slow,Far,Regular
2048,2024-10-01,27,Indian,1123.37,10.45,27,UPI,3.3,Cancelled,10,Tuesday,Young (18-29),Fast,Far,Premium
2049,2024-12-26,51,Italian,419.22,11.18,43,Cash,4.0,Cancelled,12,Thursday,Senior (45+),Normal,Far,Budget
2050,2024-06-19,65,Chinese,868.28,13.14,31,Cash,4.3,Delivered,6,Wednesday,Senior (45+),Normal,Far,Premium
2051,2024-11-13,21,Bakery,265.96,4.6,20,Wallet,2.8,Cancelled,11,Wednesday,Young (18-29),Fast,Near,Budget
2052,2024-03-21,53,Chinese,826.98,7.03,80,Card,3.3,Cancelled,3,Thursday,Senior (45+),Slow,Medium,Regular
2053,2024-03-10,49,Italian,896.93,4.64,80,Cash,2.6,Delayed,3,Sunday,Senior (45+),Slow,Near,Premium
2054,2024-04-04,35,Italian,1073.27,1.09,90,UPI,3.6,Cancelled,4,Thursday,Adult (30-44),Slow,Near,Premium
2055,2024-01-07,48,Bakery,973.2,12.04,68,Wallet,3.4,Delayed,1,Sunday,Senior (45+),Slow,Far,Premium
2056,2024-02-13,62,Cafe,1177.33,8.4,56,Wallet,3.7,Delayed,2,Tuesday,Senior (45+),Normal,Medium,Premium
2057,2024-11-11,47,Italian,682.3,13.68,36,Wallet,4.3,Delayed,11,Monday,Senior (45+),Normal,Far,Regular
2058,2024-08-29,65,Cafe,488.34,13.94,78,Cash,3.4,Delayed,8,Thursday,Senior (45+),Slow,Far,Regular
2059,2024-08-10,63,Cafe,1027.87,7.42,30,Card,4.5,Cancelled,8,Saturday,Senior (45+),Normal,Medium,Premium
2060,2024-12-31,54,Fast Food,633.96,4.43,58,Wallet,4.3,Delivered,12,Tuesday,Senior (45+),Normal,Near,Regular
2061,2024-08-29,27,Indian,764.25,10.35,71,UPI,4.9,Cancelled,8,Thursday,Young (18-29),Slow,Far,Regular
2062,2024-01-12,45,Fast Food,332.46,12.88,90,Wallet,4.9,Cancelled,1,Friday,Senior (45+),Slow,Far,Budget
2063,2024-01-05,65,Fast Food,973.01,0.89,59,Cash,3.6,Delivered,1,Friday,Senior (45+),Normal,Near,Premium
2064,2024-01-30,50,Indian,255.34,9.9,57,Cash,3.0,Delayed,1,Tuesday,Senior (45+),Normal,Medium,Budget
2065,2024-10-10,24,Indian,299.35,13.2,90,Card,4.3,Delayed,10,Thursday,Young (18-29),Slow,Far,Budget
2066,2024-12-31,27,Cafe,502.63,2.23,46,Cash,2.7,Cancelled,12,Tuesday,Young (18-29),Normal,Near,Regular
2067,2024-05-09,35,Indian,452.51,10.99,70,UPI,5.0,Delivered,5,Thursday,Adult (30-44),Slow,Far,Regular
2068,2024-07-06,50,Italian,565.98,1.28,77,Wallet,4.0,Delayed,7,Saturday,Senior (45+),Slow,Near,Regular
2069,2024-08-23,21,Indian,799.91,12.51,22,Card,4.2,Cancelled,8,Friday,Young (18-29),Fast,Far,Regular
2070,2024-02-15,52,Chinese,490.35,2.87,70,Wallet,4.4,Delayed,2,Thursday,Senior (45+),Slow,Near,Regular
2071,2024-02-26,54,Bakery,735.09,14.51,69,Card,3.1,Delayed,2,Monday,Senior (45+),Slow,Far,Regular
2072,2024-09-12,27,Indian,843.28,2.54,28,UPI,5.0,Delivered,9,Thursday,Young (18-29),Fast,Near,Regular
2073,2024-07-09,35,Cafe,397.63,5.07,76,UPI,2.5,Delivered,7,Tuesday,Adult (30-44),Slow,Medium,Budget
2074,2024-05-19,43,Bakery,516.11,12.36,61,UPI,4.1,Delivered,5,Sunday,Adult (30-44),Slow,Far,Regular
2075,2024-02-10,61,Italian,698.63,8.32,15,UPI,2.6,Cancelled,2,Saturday,Senior (45+),Fast,Medium,Regular
2076,2024-02-26,44,Bakery,367.29,3.2,80,Cash,3.8,Delayed,2,Monday,Adult (30-44),Slow,Near,Budget
2077,2024-05-27,38,Fast Food,485.56,11.95,23,Cash,4.4,Delayed,5,Monday,Adult (30-44),Fast,Far,Regular
2078,2024-12-02,28,Cafe,403.4,9.53,73,Cash,4.7,Delayed,12,Monday,Young (18-29),Slow,Medium,Budget
2079,2024-05-05,63,Indian,190.93,9.77,63,Cash,2.7,Cancelled,5,Sunday,Senior (45+),Slow,Medium,Budget
2080,2024-11-07,42,Chinese,417.2,14.14,19,UPI,3.8,Delayed,11,Thursday,Adult (30-44),Fast,Far,Budget
2081,2024-08-05,47,Cafe,210.07,5.05,74,Card,3.0,Delivered,8,Monday,Senior (45+),Slow,Medium,Budget
2082,2024-06-16,21,Chinese,468.87,0.61,48,Wallet,4.5,Delivered,6,Sunday,Young (18-29),Normal,Near,Regular
2083,2024-11-16,34,Chinese,1171.54,6.74,28,UPI,4.4,Delivered,11,Saturday,Adult (30-44),Fast,Medium,Premium
2084,2024-10-17,55,Italian,1061.57,11.69,89,UPI,3.0,Delivered,10,Thursday,Senior (45+),Slow,Far,Premium
2085,2024-10-21,33,Chinese,554.94,5.57,24,Wallet,4.2,Delivered,10,Monday,Adult (30-44),Fast,Medium,Regular
2086,2024-06-25,64,Chinese,1093.49,9.23,73,UPI,4.9,Cancelled,6,Tuesday,Senior (45+),Slow,Medium,Premium
2087,2024-04-26,60,Indian,1035.78,12.17,74,Card,3.1,Delayed,4,Friday,Senior (45+),Slow,Far,Premium
2088,2024-09-03,45,Cafe,1011.22,9.76,18,Wallet,4.2,Delayed,9,Tuesday,Senior (45+),Fast,Medium,Premium
2089,2024-11-13,52,Chinese,275.74,13.61,31,Cash,3.4,Delayed,11,Wednesday,Senior (45+),Normal,Far,Budget
2090,2024-08-27,38,Fast Food,808.39,8.54,35,Wallet,3.9,Delayed,8,Tuesday,Adult (30-44),Normal,Medium,Regular
2091,2024-06-05,29,Chinese,601.67,1.96,45,Cash,3.9,Cancelled,6,Wednesday,Young (18-29),Normal,Near,Regular
2092,2024-10-04,34,Bakery,237.38,4.87,74,UPI,4.9,Cancelled,10,Friday,Adult (30-44),Slow,Near,Budget
2093,2024-10-31,44,Bakery,731.59,13.81,90,Wallet,3.8,Cancelled,10,Thursday,Adult (30-44),Slow,Far,Regular
2094,2024-07-26,47,Fast Food,163.88,2.5,70,Wallet,4.8,Delivered,7,Friday,Senior (45+),Slow,Near,Budget
2095,2024-10-12,33,Bakery,620.31,3.97,78,UPI,2.6,Cancelled,10,Saturday,Adult (30-44),Slow,Near,Regular
2096,2024-05-28,38,Bakery,466.93,11.45,33,Cash,2.5,Delivered,5,Tuesday,Adult (30-44),Normal,Far,Regular
2097,2024-09-25,21,Cafe,935.89,14.51,44,UPI,4.1,Delayed,9,Wednesday,Young (18-29),Normal,Far,Premium
2098,2024-08-01,22,Bakery,1013.65,13.98,89,Wallet,4.6,Cancelled,8,Thursday,Young (18-29),Slow,Far,Premium
2099,2024-03-19,30,Cafe,328.55,10.48,35,Wallet,4.7,Cancelled,3,Tuesday,Adult (30-44),Normal,Far,Budget
2100,2024-03-13,62,Chinese,695.96,5.11,61,Card,3.9,Delayed,3,Wednesday,Senior (45+),Slow,Medium,Regular
2101,2024-06-08,37,Fast Food,408.73,3.42,51,Wallet,4.9,Cancelled,6,Saturday,Adult (30-44),Normal,Near,Budget
2102,2024-12-20,63,Chinese,229.88,13.46,53,Card,4.6,Delivered,12,Friday,Senior (45+),Normal,Far,Budget
2103,2024-06-04,31,Indian,393.15,10.72,17,Wallet,4.9,Delayed,6,Tuesday,Adult (30-44),Fast,Far,Budget
2104,2024-12-02,37,Bakery,1194.77,1.85,79,UPI,4.4,Cancelled,12,Monday,Adult (30-44),Slow,Near,Premium
2105,2024-02-03,23,Bakery,1097.17,10.7,40,Card,3.4,Cancelled,2,Saturday,Young (18-29),Normal,Far,Premium
2106,2024-04-04,22,Indian,254.47,3.55,73,Cash,4.0,Delayed,4,Thursday,Young (18-29),Slow,Near,Budget
2107,2024-02-03,35,Bakery,166.1,9.98,30,UPI,3.0,Delayed,2,Saturday,Adult (30-44),Normal,Medium,Budget
2108,2024-11-16,39,Chinese,685.01,11.09,81,Card,3.1,Cancelled,11,Saturday,Adult (30-44),Slow,Far,Regular
2109,2024-06-30,62,Cafe,636.91,10.26,79,Cash,3.6,Delivered,6,Sunday,Senior (45+),Slow,Far,Regular
2110,2024-02-10,21,Chinese,177.49,6.41,21,UPI,4.3,Cancelled,2,Saturday,Young (18-29),Fast,Medium,Budget
2111,2024-03-05,64,Bakery,1129.05,8.65,61,Wallet,3.6,Delivered,3,Tuesday,Senior (45+),Slow,Medium,Premium
2112,2024-08-29,61,Cafe,541.64,11.11,36,Wallet,2.6,Cancelled,8,Thursday,Senior (45+),Normal,Far,Regular
2113,2024-11-04,26,Indian,831.03,4.75,75,UPI,4.5,Cancelled,11,Monday,Young (18-29),Slow,Near,Regular
2114,2024-11-06,63,Chinese,824.29,14.38,49,Card,4.0,Delayed,11,Wednesday,Senior (45+),Normal,Far,Regular
2115,2024-04-02,36,Bakery,205.58,13.47,59,Wallet,3.7,Delayed,4,Tuesday,Adult (30-44),Normal,Far,Budget
2116,2024-12-12,55,Italian,505.9,7.5,22,Cash,4.1,Cancelled,12,Thursday,Senior (45+),Fast,Medium,Regular
2117,2024-05-28,60,Bakery,781.05,14.7,40,UPI,3.0,Delayed,5,Tuesday,Senior (45+),Normal,Far,Regular
2118,2024-01-19,41,Chinese,630.56,1.73,48,UPI,4.8,Delayed,1,Friday,Adult (30-44),Normal,Near,Regular
2119,2024-02-14,51,Italian,685.17,3.98,60,Card,3.6,Delivered,2,Wednesday,Senior (45+),Slow,Near,Regular
2120,2024-12-06,56,Cafe,788.54,13.16,77,Wallet,4.3,Cancelled,12,Friday,Senior (45+),Slow,Far,Regular
2121,2024-05-08,35,Fast Food,789.48,6.94,65,Card,2.9,Delivered,5,Wednesday,Adult (30-44),Slow,Medium,Regular
2122,2024-01-12,29,Fast Food,643.58,10.66,46,Card,4.6,Delivered,1,Friday,Young (18-29),Normal,Far,Regular
2123,2024-08-30,61,Italian,587.5,3.48,51,UPI,2.9,Delivered,8,Friday,Senior (45+),Normal,Near,Regular
2124,2024-07-31,22,Fast Food,1151.93,7.28,69,Card,3.0,Delivered,7,Wednesday,Young (18-29),Slow,Medium,Premium
2125,2024-09-26,36,Indian,235.35,8.32,88,Card,3.3,Delayed,9,Thursday,Adult (30-44),Slow,Medium,Budget
2126,2024-12-20,41,Fast Food,948.83,3.05,87,Cash,4.9,Delayed,12,Friday,Adult (30-44),Slow,Near,Premium
2127,2024-05-22,27,Fast Food,529.43,0.86,23,Card,5.0,Delayed,5,Wednesday,Young (18-29),Fast,Near,Regular
2128,2024-03-25,58,Italian,882.44,5.82,57,Card,3.4,Delayed,3,Monday,Senior (45+),Normal,Medium,Premium
2129,2024-05-18,35,Fast Food,1187.48,6.76,53,Wallet,3.2,Delivered,5,Saturday,Adult (30-44),Normal,Medium,Premium
2130,2024-05-28,41,Bakery,879.41,7.14,52,Cash,2.9,Cancelled,5,Tuesday,Adult (30-44),Normal,Medium,Premium
2131,2024-12-09,59,Cafe,205.25,2.06,87,Card,4.7,Cancelled,12,Monday,Senior (45+),Slow,Near,Budget
2132,2024-09-17,34,Italian,185.31,12.33,40,Card,2.5,Delivered,9,Tuesday,Adult (30-44),Normal,Far,Budget
2133,2024-03-10,39,Indian,790.4,8.2,49,Wallet,4.1,Cancelled,3,Sunday,Adult (30-44),Normal,Medium,Regular
2134,2024-05-14,50,Fast Food,484.39,0.65,78,Wallet,3.7,Cancelled,5,Tuesday,Senior (45+),Slow,Near,Regular
2135,2024-07-08,52,Fast Food,1045.61,3.9,30,Cash,5.0,Delivered,7,Monday,Senior (45+),Normal,Near,Premium
2136,2024-01-18,53,Indian,1192.79,7.39,44,UPI,4.7,Cancelled,1,Thursday,Senior (45+),Normal,Medium,Premium
2137,2024-05-05,39,Indian,768.81,10.15,89,UPI,4.9,Delayed,5,Sunday,Adult (30-44),Slow,Far,Regular
2138,2024-11-22,41,Cafe,963.89,7.88,50,Cash,3.7,Delivered,11,Friday,Adult (30-44),Normal,Medium,Premium
2139,2024-10-27,22,Bakery,586.81,7.84,62,UPI,3.8,Delivered,10,Sunday,Young (18-29),Slow,Medium,Regular
2140,2024-01-30,35,Cafe,647.48,8.47,40,Cash,4.2,Cancelled,1,Tuesday,Adult (30-44),Normal,Medium,Regular
2141,2024-11-10,47,Cafe,278.2,10.34,29,UPI,4.1,Cancelled,11,Sunday,Senior (45+),Fast,Far,Budget
2142,2024-09-06,53,Italian,853.99,13.55,68,UPI,3.1,Cancelled,9,Friday,Senior (45+),Slow,Far,Premium
2143,2024-10-17,34,Chinese,506.17,12.85,30,UPI,3.9,Cancelled,10,Thursday,Adult (30-44),Normal,Far,Regular
2144,2024-03-01,46,Italian,1190.63,5.85,54,UPI,3.2,Cancelled,3,Friday,Senior (45+),Normal,Medium,Premium
2145,2024-01-18,22,Bakery,765.91,5.38,21,Card,4.6,Delivered,1,Thursday,Young (18-29),Fast,Medium,Regular
2146,2024-12-10,53,Chinese,386.96,10.48,55,Wallet,5.0,Delayed,12,Tuesday,Senior (45+),Normal,Far,Budget
2147,2024-09-15,34,Indian,1152.21,11.12,79,Wallet,2.6,Cancelled,9,Sunday,Adult (30-44),Slow,Far,Premium
2148,2024-04-07,61,Fast Food,300.84,11.17,25,UPI,3.0,Delivered,4,Sunday,Senior (45+),Fast,Far,Budget
2149,2024-08-31,31,Fast Food,491.92,2.12,31,UPI,4.5,Delivered,8,Saturday,Adult (30-44),Normal,Near,Regular
2150,2024-10-27,61,Chinese,490.31,8.95,85,Cash,3.1,Delivered,10,Sunday,Senior (45+),Slow,Medium,Regular
2151,2024-04-02,18,Bakery,164.24,13.67,56,UPI,2.8,Delivered,4,Tuesday,Young (18-29),Normal,Far,Budget
2152,2024-06-09,20,Cafe,758.19,7.17,76,Cash,2.7,Cancelled,6,Sunday,Young (18-29),Slow,Medium,Regular
2153,2024-02-09,60,Bakery,266.84,2.48,85,Wallet,4.0,Delayed,2,Friday,Senior (45+),Slow,Near,Budget
2154,2024-07-05,48,Chinese,586.21,10.78,81,Cash,3.7,Cancelled,7,Friday,Senior (45+),Slow,Far,Regular
2155,2024-12-19,60,Bakery,695.17,13.87,70,UPI,4.9,Delayed,12,Thursday,Senior (45+),Slow,Far,Regular
2156,2024-07-07,62,Chinese,1000.77,11.76,19,Card,4.8,Delivered,7,Sunday,Senior (45+),Fast,Far,Premium
2157,2024-02-20,27,Fast Food,1184.88,3.89,46,UPI,3.3,Delivered,2,Tuesday,Young (18-29),Normal,Near,Premium
2158,2024-01-21,29,Italian,831.8,7.89,16,UPI,3.4,Delayed,1,Sunday,Young (18-29),Fast,Medium,Regular
2159,2024-08-19,22,Fast Food,152.62,1.23,63,Cash,4.9,Cancelled,8,Monday,Young (18-29),Slow,Near,Budget
2160,2024-09-08,43,Italian,262.95,7.67,83,Cash,3.9,Cancelled,9,Sunday,Adult (30-44),Slow,Medium,Budget
2161,2024-11-21,61,Chinese,543.49,9.71,53,Cash,4.4,Delivered,11,Thursday,Senior (45+),Normal,Medium,Regular
2162,2024-12-15,55,Fast Food,167.26,4.42,49,Wallet,4.5,Cancelled,12,Sunday,Senior (45+),Normal,Near,Budget
2163,2024-09-14,44,Bakery,983.1,12.73,55,Wallet,4.4,Cancelled,9,Saturday,Adult (30-44),Normal,Far,Premium
2164,2024-05-20,61,Fast Food,1178.25,8.9,60,Card,3.0,Delivered,5,Monday,Senior (45+),Slow,Medium,Premium
2165,2024-07-11,54,Chinese,213.63,6.1,72,Wallet,4.8,Delayed,7,Thursday,Senior (45+),Slow,Medium,Budget
2166,2024-03-23,35,Fast Food,344.72,3.57,31,UPI,2.7,Delivered,3,Saturday,Adult (30-44),Normal,Near,Budget
2167,2024-03-22,51,Italian,1125.7,13.04,62,UPI,2.6,Delivered,3,Friday,Senior (45+),Slow,Far,Premium
2168,2024-01-04,46,Cafe,835.65,7.28,87,Cash,4.1,Delayed,1,Thursday,Senior (45+),Slow,Medium,Regular
2169,2024-02-21,56,Chinese,547.96,11.23,58,UPI,4.7,Delivered,2,Wednesday,Senior (45+),Normal,Far,Regular
2170,2024-11-23,56,Fast Food,762.56,4.43,18,Wallet,2.6,Cancelled,11,Saturday,Senior (45+),Fast,Near,Regular
2171,2024-02-26,32,Bakery,1151.41,7.42,60,UPI,3.0,Delayed,2,Monday,Adult (30-44),Slow,Medium,Premium
2172,2024-05-06,22,Chinese,173.38,12.19,90,UPI,3.2,Delivered,5,Monday,Young (18-29),Slow,Far,Budget
2173,2024-02-15,19,Chinese,766.39,4.63,18,Card,4.3,Delayed,2,Thursday,Young (18-29),Fast,Near,Regular
2174,2024-06-17,60,Fast Food,1179.61,8.56,56,UPI,4.0,Delayed,6,Monday,Senior (45+),Normal,Medium,Premium
2175,2024-12-06,25,Italian,552.63,2.41,89,UPI,3.6,Cancelled,12,Friday,Young (18-29),Slow,Near,Regular
2176,2024-04-27,30,Bakery,658.35,3.09,16,Wallet,2.6,Delivered,4,Saturday,Adult (30-44),Fast,Near,Regular
2177,2024-06-06,44,Italian,1056.85,13.0,90,Card,2.5,Delayed,6,Thursday,Adult (30-44),Slow,Far,Premium
2178,2024-06-27,35,Fast Food,526.67,8.64,26,Card,3.2,Cancelled,6,Thursday,Adult (30-44),Fast,Medium,Regular
2179,2024-07-18,54,Chinese,336.91,14.1,88,Card,4.9,Delayed,7,Thursday,Senior (45+),Slow,Far,Budget
2180,2024-03-20,51,Fast Food,946.9,2.95,85,Wallet,4.1,Delivered,3,Wednesday,Senior (45+),Slow,Near,Premium
2181,2024-05-09,65,Bakery,293.92,7.1,57,UPI,4.6,Cancelled,5,Thursday,Senior (45+),Normal,Medium,Budget
2182,2024-06-03,47,Italian,163.2,5.67,74,UPI,3.4,Delivered,6,Monday,Senior (45+),Slow,Medium,Budget
2183,2024-08-24,27,Italian,1140.28,12.64,15,Card,4.7,Delayed,8,Saturday,Young (18-29),Fast,Far,Premium
2184,2024-02-06,21,Fast Food,1030.28,9.98,49,Cash,3.0,Delayed,2,Tuesday,Young (18-29),Normal,Medium,Premium
2185,2024-10-17,29,Italian,341.88,3.14,25,Card,3.7,Delivered,10,Thursday,Young (18-29),Fast,Near,Budget
2186,2024-12-05,41,Bakery,696.46,10.54,86,UPI,2.8,Delivered,12,Thursday,Adult (30-44),Slow,Far,Regular
2187,2024-07-12,63,Cafe,402.5,10.72,71,Cash,3.6,Cancelled,7,Friday,Senior (45+),Slow,Far,Budget
2188,2024-06-15,33,Italian,372.18,12.19,77,Cash,4.3,Cancelled,6,Saturday,Adult (30-44),Slow,Far,Budget
2189,2024-12-03,27,Indian,872.96,13.78,40,Wallet,3.7,Cancelled,12,Tuesday,Young (18-29),Normal,Far,Premium
2190,2024-02-08,36,Bakery,220.25,5.9,74,Cash,2.8,Delayed,2,Thursday,Adult (30-44),Slow,Medium,Budget
2191,2024-08-27,42,Cafe,720.55,7.74,45,UPI,4.0,Delivered,8,Tuesday,Adult (30-44),Normal,Medium,Regular
2192,2024-05-11,42,Indian,1059.02,4.91,85,Wallet,4.5,Delayed,5,Saturday,Adult (30-44),Slow,Near,Premium
2193,2024-08-17,63,Cafe,797.54,10.92,15,Wallet,3.5,Delivered,8,Saturday,Senior (45+),Fast,Far,Regular
2194,2024-11-12,23,Fast Food,807.97,0.99,44,UPI,2.8,Delivered,11,Tuesday,Young (18-29),Normal,Near,Regular
2195,2024-05-28,41,Fast Food,1054.14,9.2,43,Cash,4.1,Cancelled,5,Tuesday,Adult (30-44),Normal,Medium,Premium
2196,2024-03-04,36,Fast Food,757.83,11.94,68,Wallet,3.1,Delayed,3,Monday,Adult (30-44),Slow,Far,Regular
2197,2024-10-05,56,Bakery,760.55,9.36,46,Wallet,3.0,Cancelled,10,Saturday,Senior (45+),Normal,Medium,Regular
2198,2024-06-11,28,Cafe,1132.02,0.85,82,Wallet,2.6,Cancelled,6,Tuesday,Young (18-29),Slow,Near,Premium
2199,2024-07-31,35,Fast Food,1001.74,8.08,43,Cash,2.7,Cancelled,7,Wednesday,Adult (30-44),Normal,Medium,Premium
2200,2024-03-20,29,Indian,1083.07,13.89,17,Card,3.6,Delivered,3,Wednesday,Young (18-29),Fast,Far,Premium
2201,2024-02-05,59,Indian,592.92,4.17,74,Cash,4.5,Delivered,2,Monday,Senior (45+),Slow,Near,Regular
2202,2024-12-16,59,Italian,1041.35,6.79,46,Wallet,3.3,Delayed,12,Monday,Senior (45+),Normal,Medium,Premium
2203,2024-12-09,62,Italian,720.9,2.54,20,Cash,4.2,Delivered,12,Monday,Senior (45+),Fast,Near,Regular
2204,2024-07-14,50,Fast Food,467.61,13.91,89,UPI,2.6,Delivered,7,Sunday,Senior (45+),Slow,Far,Regular
2205,2024-09-21,65,Cafe,757.32,9.89,29,Card,4.7,Delivered,9,Saturday,Senior (45+),Fast,Medium,Regular
2206,2024-09-14,37,Fast Food,709.04,2.6,24,Wallet,4.9,Delayed,9,Saturday,Adult (30-44),Fast,Near,Regular
2207,2024-02-19,26,Italian,1074.36,11.99,50,UPI,4.6,Cancelled,2,Monday,Young (18-29),Normal,Far,Premium
2208,2024-01-11,23,Chinese,353.34,2.58,82,Wallet,3.5,Delivered,1,Thursday,Young (18-29),Slow,Near,Budget
2209,2024-04-18,52,Bakery,987.74,8.61,21,UPI,3.1,Delivered,4,Thursday,Senior (45+),Fast,Medium,Premium
2210,2024-04-27,34,Cafe,1089.86,9.11,16,UPI,4.5,Delivered,4,Saturday,Adult (30-44),Fast,Medium,Premium
2211,2024-02-08,41,Indian,969.77,2.06,40,Card,3.7,Delayed,2,Thursday,Adult (30-44),Normal,Near,Premium
2212,2024-12-12,30,Indian,757.75,2.68,76,Card,4.7,Delivered,12,Thursday,Adult (30-44),Slow,Near,Regular
2213,2024-12-28,38,Cafe,660.28,13.25,80,Card,3.5,Delivered,12,Saturday,Adult (30-44),Slow,Far,Regular
2214,2024-06-04,41,Indian,610.92,2.59,50,Wallet,3.0,Delayed,6,Tuesday,Adult (30-44),Normal,Near,Regular
2215,2024-09-23,59,Chinese,1179.23,4.26,42,Card,3.5,Delivered,9,Monday,Senior (45+),Normal,Near,Premium
2216,2024-08-14,55,Chinese,287.35,11.14,49,Cash,3.0,Cancelled,8,Wednesday,Senior (45+),Normal,Far,Budget
2217,2024-09-15,36,Indian,644.19,1.62,42,Cash,3.3,Delayed,9,Sunday,Adult (30-44),Normal,Near,Regular
2218,2024-11-20,30,Indian,514.05,13.44,64,UPI,3.6,Cancelled,11,Wednesday,Adult (30-44),Slow,Far,Regular
2219,2024-09-15,62,Indian,634.08,10.25,58,UPI,3.6,Delivered,9,Sunday,Senior (45+),Normal,Far,Regular
2220,2024-10-29,48,Indian,220.4,4.23,88,Card,3.7,Delivered,10,Tuesday,Senior (45+),Slow,Near,Budget
2221,2024-03-14,47,Fast Food,1037.7,13.4,67,Card,2.7,Delivered,3,Thursday,Senior (45+),Slow,Far,Premium
2222,2024-10-31,27,Fast Food,799.74,11.0,55,Cash,3.9,Delivered,10,Thursday,Young (18-29),Normal,Far,Regular
2223,2024-05-28,62,Chinese,1037.17,14.28,81,Wallet,2.8,Cancelled,5,Tuesday,Senior (45+),Slow,Far,Premium
2224,2024-05-22,18,Chinese,650.77,13.47,50,UPI,3.0,Delivered,5,Wednesday,Young (18-29),Normal,Far,Regular
2225,2024-01-01,43,Chinese,624.12,1.03,89,Wallet,4.2,Delivered,1,Monday,Adult (30-44),Slow,Near,Regular
2226,2024-11-21,33,Cafe,966.23,8.14,38,Card,3.3,Cancelled,11,Thursday,Adult (30-44),Normal,Medium,Premium
2227,2024-07-29,51,Fast Food,421.46,9.25,25,Card,3.8,Cancelled,7,Monday,Senior (45+),Fast,Medium,Budget
2228,2024-01-12,38,Chinese,466.06,11.09,18,UPI,4.8,Cancelled,1,Friday,Adult (30-44),Fast,Far,Regular
2229,2024-01-09,18,Chinese,235.39,6.41,75,Wallet,4.4,Delayed,1,Tuesday,Young (18-29),Slow,Medium,Budget
2230,2024-06-17,54,Italian,185.59,9.18,88,Card,4.4,Delayed,6,Monday,Senior (45+),Slow,Medium,Budget
2231,2024-07-22,51,Italian,590.78,11.99,65,Card,4.1,Delayed,7,Monday,Senior (45+),Slow,Far,Regular
2232,2024-05-15,24,Bakery,977.11,13.11,67,Wallet,3.2,Cancelled,5,Wednesday,Young (18-29),Slow,Far,Premium
2233,2024-08-09,32,Italian,502.79,9.92,72,Cash,2.6,Cancelled,8,Friday,Adult (30-44),Slow,Medium,Regular
2234,2024-05-12,61,Indian,486.02,1.16,63,UPI,2.6,Delayed,5,Sunday,Senior (45+),Slow,Near,Regular
2235,2024-02-20,18,Indian,637.61,7.62,41,Cash,4.5,Cancelled,2,Tuesday,Young (18-29),Normal,Medium,Regular
2236,2024-08-25,41,Bakery,495.28,10.19,54,Wallet,4.6,Delayed,8,Sunday,Adult (30-44),Normal,Far,Regular
2237,2024-10-28,44,Indian,1164.11,7.14,34,UPI,3.2,Delivered,10,Monday,Adult (30-44),Normal,Medium,Premium
2238,2024-12-14,54,Indian,684.64,8.49,21,Cash,4.0,Delivered,12,Saturday,Senior (45+),Fast,Medium,Regular
2239,2024-01-01,22,Indian,156.76,9.9,66,Wallet,3.9,Delivered,1,Monday,Young (18-29),Slow,Medium,Budget
2240,2024-09-21,43,Italian,857.5,5.92,74,Card,3.7,Delayed,9,Saturday,Adult (30-44),Slow,Medium,Premium
2241,2024-01-19,38,Italian,657.65,13.27,34,Card,3.9,Cancelled,1,Friday,Adult (30-44),Normal,Far,Regular
2242,2024-12-04,25,Italian,866.36,10.91,26,Wallet,4.5,Cancelled,12,Wednesday,Young (18-29),Fast,Far,Premium
2243,2024-10-13,42,Indian,239.19,6.4,31,Card,4.9,Delayed,10,Sunday,Adult (30-44),Normal,Medium,Budget
2244,2024-10-12,54,Cafe,546.67,5.07,40,Wallet,3.9,Delayed,10,Saturday,Senior (45+),Normal,Medium,Regular
2245,2024-02-06,55,Fast Food,934.34,1.06,31,Card,3.6,Cancelled,2,Tuesday,Senior (45+),Normal,Near,Premium
2246,2024-02-16,31,Italian,1044.19,12.86,60,Wallet,4.5,Delayed,2,Friday,Adult (30-44),Slow,Far,Premium
2247,2024-02-29,34,Italian,613.03,4.09,42,UPI,4.3,Delivered,2,Thursday,Adult (30-44),Normal,Near,Regular
2248,2024-03-15,37,Cafe,531.95,6.27,30,UPI,3.6,Delivered,3,Friday,Adult (30-44),Normal,Medium,Regular
2249,2024-08-02,56,Chinese,1136.08,5.44,21,Cash,2.7,Delayed,8,Friday,Senior (45+),Fast,Medium,Premium
2250,2024-03-31,42,Chinese,1182.89,3.29,51,Wallet,2.6,Delayed,3,Sunday,Adult (30-44),Normal,Near,Premium
2251,2024-06-30,25,Indian,1114.64,14.14,74,UPI,2.7,Delivered,6,Sunday,Young (18-29),Slow,Far,Premium
2252,2024-08-13,61,Chinese,770.57,8.19,28,Wallet,4.7,Delayed,8,Tuesday,Senior (45+),Fast,Medium,Regular
2253,2024-01-03,49,Chinese,633.46,5.69,57,Wallet,3.0,Cancelled,1,Wednesday,Senior (45+),Normal,Medium,Regular
2254,2024-03-10,18,Indian,982.64,13.56,36,Wallet,3.8,Delayed,3,Sunday,Young (18-29),Normal,Far,Premium
2255,2024-09-10,31,Fast Food,937.1,14.82,64,UPI,4.8,Delivered,9,Tuesday,Adult (30-44),Slow,Far,Premium
2256,2024-06-23,45,Fast Food,1043.96,6.66,63,UPI,3.4,Delivered,6,Sunday,Senior (45+),Slow,Medium,Premium
2257,2024-05-16,63,Italian,630.32,9.22,63,Cash,3.8,Delayed,5,Thursday,Senior (45+),Slow,Medium,Regular
2258,2024-12-27,50,Italian,282.67,12.71,90,Wallet,4.6,Delivered,12,Friday,Senior (45+),Slow,Far,Budget
2259,2024-09-17,63,Cafe,513.9,3.04,59,UPI,4.3,Delayed,9,Tuesday,Senior (45+),Normal,Near,Regular
2260,2024-01-22,50,Bakery,961.4,3.05,40,Cash,3.6,Delivered,1,Monday,Senior (45+),Normal,Near,Premium
2261,2024-10-18,63,Indian,341.72,10.78,67,Wallet,3.1,Delayed,10,Friday,Senior (45+),Slow,Far,Budget
2262,2024-06-08,39,Indian,351.51,13.44,55,UPI,4.4,Delayed,6,Saturday,Adult (30-44),Normal,Far,Budget
2263,2024-03-14,53,Cafe,933.05,13.64,35,Cash,5.0,Delivered,3,Thursday,Senior (45+),Normal,Far,Premium
2264,2024-05-22,61,Fast Food,904.15,2.09,61,UPI,4.1,Cancelled,5,Wednesday,Senior (45+),Slow,Near,Premium
2265,2024-01-06,52,Indian,1112.42,7.11,49,Card,4.5,Cancelled,1,Saturday,Senior (45+),Normal,Medium,Premium
2266,2024-11-23,39,Fast Food,1099.27,3.74,39,Wallet,4.1,Cancelled,11,Saturday,Adult (30-44),Normal,Near,Premium
2267,2024-11-15,19,Indian,173.18,9.85,29,Wallet,3.3,Delivered,11,Friday,Young (18-29),Fast,Medium,Budget
2268,2024-04-08,55,Fast Food,1140.79,7.17,63,Wallet,4.0,Delivered,4,Monday,Senior (45+),Slow,Medium,Premium
2269,2024-01-27,58,Italian,593.04,10.63,30,Card,2.9,Delayed,1,Saturday,Senior (45+),Normal,Far,Regular
2270,2024-09-04,46,Cafe,891.3,2.13,40,Cash,5.0,Cancelled,9,Wednesday,Senior (45+),Normal,Near,Premium
2271,2024-05-27,28,Fast Food,160.69,14.34,23,Cash,3.5,Cancelled,5,Monday,Young (18-29),Fast,Far,Budget
2272,2024-04-14,45,Bakery,1092.11,2.16,39,Wallet,3.7,Cancelled,4,Sunday,Senior (45+),Normal,Near,Premium
2273,2024-06-16,23,Indian,1017.95,3.0,42,Cash,3.5,Delayed,6,Sunday,Young (18-29),Normal,Near,Premium
2274,2024-03-13,34,Cafe,664.33,13.84,46,Card,3.9,Delivered,3,Wednesday,Adult (30-44),Normal,Far,Regular
2275,2024-06-09,60,Indian,436.74,12.13,90,Card,2.5,Delivered,6,Sunday,Senior (45+),Slow,Far,Budget
2276,2024-01-26,32,Bakery,415.17,10.8,56,Wallet,3.8,Cancelled,1,Friday,Adult (30-44),Normal,Far,Budget
2277,2024-03-18,60,Bakery,470.81,14.17,63,Wallet,4.3,Cancelled,3,Monday,Senior (45+),Slow,Far,Regular
2278,2024-04-24,31,Fast Food,591.68,3.4,86,Card,4.8,Cancelled,4,Wednesday,Adult (30-44),Slow,Near,Regular
2279,2024-06-20,22,Indian,1097.9,14.53,55,UPI,3.1,Delayed,6,Thursday,Young (18-29),Normal,Far,Premium
2280,2024-04-07,39,Fast Food,466.72,8.75,27,Card,3.0,Cancelled,4,Sunday,Adult (30-44),Fast,Medium,Regular
2281,2024-06-30,51,Bakery,1047.83,9.24,82,UPI,4.8,Delayed,6,Sunday,Senior (45+),Slow,Medium,Premium
2282,2024-07-30,25,Cafe,553.66,4.2,65,Cash,4.6,Delayed,7,Tuesday,Young (18-29),Slow,Near,Regular
2283,2024-04-05,39,Cafe,790.02,5.44,52,Cash,2.5,Delayed,4,Friday,Adult (30-44),Normal,Medium,Regular
2284,2024-10-13,63,Cafe,606.97,0.66,50,Wallet,4.9,Delivered,10,Sunday,Senior (45+),Normal,Near,Regular
2285,2024-03-04,62,Bakery,1144.17,6.14,33,UPI,4.1,Cancelled,3,Monday,Senior (45+),Normal,Medium,Premium
2286,2024-02-15,33,Bakery,283.57,4.35,23,Card,3.1,Cancelled,2,Thursday,Adult (30-44),Fast,Near,Budget
2287,2024-10-13,36,Fast Food,728.3,11.21,54,Card,3.3,Cancelled,10,Sunday,Adult (30-44),Normal,Far,Regular
2288,2024-07-27,33,Cafe,685.47,9.56,84,UPI,4.6,Cancelled,7,Saturday,Adult (30-44),Slow,Medium,Regular
2289,2024-10-30,46,Bakery,417.23,11.59,29,Wallet,4.7,Cancelled,10,Wednesday,Senior (45+),Fast,Far,Budget
2290,2024-01-22,24,Indian,1058.78,3.38,83,Wallet,2.8,Delayed,1,Monday,Young (18-29),Slow,Near,Premium
2291,2024-10-20,65,Indian,1025.28,1.91,53,Card,3.9,Delivered,10,Sunday,Senior (45+),Normal,Near,Premium
2292,2024-02-28,54,Italian,1059.16,0.5,31,Wallet,4.8,Delayed,2,Wednesday,Senior (45+),Normal,Near,Premium
2293,2024-04-12,39,Italian,576.74,12.43,54,Cash,4.5,Delayed,4,Friday,Adult (30-44),Normal,Far,Regular
2294,2024-12-06,36,Chinese,1135.88,3.32,36,Cash,4.8,Delayed,12,Friday,Adult (30-44),Normal,Near,Premium
2295,2024-11-24,49,Chinese,482.11,2.68,78,Cash,3.6,Cancelled,11,Sunday,Senior (45+),Slow,Near,Regular
2296,2024-03-14,35,Indian,939.63,1.99,86,Cash,4.4,Delivered,3,Thursday,Adult (30-44),Slow,Near,Premium
2297,2024-01-08,43,Italian,769.84,5.98,46,Cash,3.0,Delayed,1,Monday,Adult (30-44),Normal,Medium,Regular
2298,2024-12-19,18,Fast Food,262.64,0.62,39,Card,3.6,Cancelled,12,Thursday,Young (18-29),Normal,Near,Budget
2299,2024-07-21,62,Cafe,558.29,11.33,62,Wallet,2.5,Delivered,7,Sunday,Senior (45+),Slow,Far,Regular
2300,2024-04-26,28,Italian,894.15,4.81,65,Wallet,4.7,Cancelled,4,Friday,Young (18-29),Slow,Near,Premium
2301,2024-11-14,48,Bakery,225.7,4.8,88,Card,2.7,Cancelled,11,Thursday,Senior (45+),Slow,Near,Budget
2302,2024-01-17,45,Fast Food,220.41,5.48,44,UPI,3.7,Delivered,1,Wednesday,Senior (45+),Normal,Medium,Budget
2303,2024-08-29,32,Italian,664.27,2.01,85,Card,3.9,Cancelled,8,Thursday,Adult (30-44),Slow,Near,Regular
2304,2024-09-08,62,Indian,1058.01,12.63,45,Cash,3.5,Cancelled,9,Sunday,Senior (45+),Normal,Far,Premium
2305,2024-05-31,63,Italian,751.02,11.18,87,Card,2.7,Delayed,5,Friday,Senior (45+),Slow,Far,Regular
2306,2024-11-07,40,Italian,574.34,8.44,27,Card,3.1,Delayed,11,Thursday,Adult (30-44),Fast,Medium,Regular
2307,2024-01-08,19,Indian,510.99,2.07,27,Wallet,2.8,Delayed,1,Monday,Young (18-29),Fast,Near,Regular
2308,2024-10-31,65,Cafe,393.17,9.94,40,Card,4.8,Delayed,10,Thursday,Senior (45+),Normal,Medium,Budget
2309,2024-09-27,33,Bakery,588.28,11.59,64,Wallet,2.7,Delayed,9,Friday,Adult (30-44),Slow,Far,Regular
2310,2024-11-07,54,Chinese,822.68,6.45,64,Cash,2.5,Delayed,11,Thursday,Senior (45+),Slow,Medium,Regular
2311,2024-05-03,33,Bakery,943.16,4.21,68,Card,2.8,Delayed,5,Friday,Adult (30-44),Slow,Near,Premium
2312,2024-01-05,38,Fast Food,165.98,8.51,65,Cash,4.9,Delayed,1,Friday,Adult (30-44),Slow,Medium,Budget
2313,2024-02-17,32,Indian,220.89,14.77,90,Cash,3.3,Cancelled,2,Saturday,Adult (30-44),Slow,Far,Budget
2314,2024-10-07,26,Bakery,776.63,4.28,38,Card,2.9,Delivered,10,Monday,Young (18-29),Normal,Near,Regular
2315,2024-05-02,58,Indian,490.28,13.16,86,Cash,3.2,Delivered,5,Thursday,Senior (45+),Slow,Far,Regular
2316,2024-01-15,18,Cafe,342.15,3.78,83,Wallet,3.7,Cancelled,1,Monday,Young (18-29),Slow,Near,Budget
2317,2024-06-18,27,Chinese,1190.42,0.62,88,Cash,4.3,Delayed,6,Tuesday,Young (18-29),Slow,Near,Premium
2318,2024-10-24,37,Italian,1074.21,3.55,88,Wallet,3.7,Cancelled,10,Thursday,Adult (30-44),Slow,Near,Premium
2319,2024-06-22,46,Cafe,373.41,7.41,44,UPI,3.5,Delayed,6,Saturday,Senior (45+),Normal,Medium,Budget
2320,2024-12-25,59,Cafe,489.69,0.61,62,UPI,2.7,Delivered,12,Wednesday,Senior (45+),Slow,Near,Regular
2321,2024-02-20,40,Cafe,564.19,7.26,31,Cash,4.3,Cancelled,2,Tuesday,Adult (30-44),Normal,Medium,Regular
2322,2024-10-04,43,Italian,543.99,7.99,79,Card,5.0,Delivered,10,Friday,Adult (30-44),Slow,Medium,Regular
2323,2024-03-06,25,Fast Food,639.21,1.31,22,Card,2.8,Delivered,3,Wednesday,Young (18-29),Fast,Near,Regular
2324,2024-10-07,22,Fast Food,939.78,13.13,57,Wallet,4.7,Cancelled,10,Monday,Young (18-29),Normal,Far,Premium
2325,2024-11-25,37,Indian,239.07,11.16,27,Cash,5.0,Delivered,11,Monday,Adult (30-44),Fast,Far,Budget
2326,2024-06-05,55,Cafe,380.03,5.61,82,Card,3.1,Delayed,6,Wednesday,Senior (45+),Slow,Medium,Budget
2327,2024-06-06,57,Fast Food,902.44,10.42,49,Card,2.9,Cancelled,6,Thursday,Senior (45+),Normal,Far,Premium
2328,2024-02-01,58,Bakery,238.55,10.71,77,Card,2.8,Cancelled,2,Thursday,Senior (45+),Slow,Far,Budget
2329,2024-09-16,52,Chinese,798.75,4.54,38,Wallet,2.9,Cancelled,9,Monday,Senior (45+),Normal,Near,Regular
2330,2024-08-18,45,Chinese,500.13,6.17,81,Wallet,3.1,Delivered,8,Sunday,Senior (45+),Slow,Medium,Regular
2331,2024-02-13,33,Italian,1132.47,4.22,28,Wallet,3.6,Delivered,2,Tuesday,Adult (30-44),Fast,Near,Premium
2332,2024-02-15,22,Fast Food,600.35,7.89,77,UPI,4.9,Delivered,2,Thursday,Young (18-29),Slow,Medium,Regular
2333,2024-12-21,27,Chinese,305.03,2.06,89,Cash,3.0,Delayed,12,Saturday,Young (18-29),Slow,Near,Budget
2334,2024-09-06,40,Cafe,440.59,3.12,26,UPI,4.0,Delivered,9,Friday,Adult (30-44),Fast,Near,Budget
2335,2024-09-04,35,Cafe,359.96,3.78,77,UPI,3.4,Delivered,9,Wednesday,Adult (30-44),Slow,Near,Budget
2336,2024-05-15,36,Italian,895.62,6.22,56,Cash,3.6,Delivered,5,Wednesday,Adult (30-44),Normal,Medium,Premium
2337,2024-02-20,50,Fast Food,610.75,13.91,67,Card,4.7,Delayed,2,Tuesday,Senior (45+),Slow,Far,Regular
2338,2024-05-05,40,Fast Food,473.84,9.28,63,Cash,4.5,Cancelled,5,Sunday,Adult (30-44),Slow,Medium,Regular
2339,2024-03-16,22,Bakery,374.29,1.61,77,Card,4.6,Cancelled,3,Saturday,Young (18-29),Slow,Near,Budget
2340,2024-11-10,26,Cafe,373.94,7.11,24,Wallet,2.9,Cancelled,11,Sunday,Young (18-29),Fast,Medium,Budget
2341,2024-10-11,44,Bakery,1158.67,4.13,19,Card,4.2,Delivered,10,Friday,Adult (30-44),Fast,Near,Premium
2342,2024-07-15,26,Bakery,1071.29,0.76,66,Card,2.5,Delayed,7,Monday,Young (18-29),Slow,Near,Premium
2343,2024-08-03,65,Fast Food,1136.25,1.07,73,UPI,4.2,Delivered,8,Saturday,Senior (45+),Slow,Near,Premium
2344,2024-04-18,22,Fast Food,667.46,7.47,23,Cash,2.7,Delayed,4,Thursday,Young (18-29),Fast,Medium,Regular
2345,2024-08-12,22,Chinese,567.09,14.65,44,Card,4.7,Cancelled,8,Monday,Young (18-29),Normal,Far,Regular
2346,2024-08-04,25,Bakery,718.1,7.16,16,Cash,3.7,Cancelled,8,Sunday,Young (18-29),Fast,Medium,Regular
2347,2024-03-09,37,Indian,866.51,3.24,57,UPI,4.4,Cancelled,3,Saturday,Adult (30-44),Normal,Near,Premium
2348,2024-03-13,58,Bakery,987.59,4.96,35,UPI,4.3,Delivered,3,Wednesday,Senior (45+),Normal,Near,Premium
2349,2024-04-05,61,Indian,640.65,7.98,62,UPI,2.7,Delivered,4,Friday,Senior (45+),Slow,Medium,Regular
2350,2024-06-22,23,Cafe,463.73,13.33,62,Cash,4.5,Cancelled,6,Saturday,Young (18-29),Slow,Far,Regular
2351,2024-02-26,61,Italian,1017.84,13.19,80,UPI,2.9,Delivered,2,Monday,Senior (45+),Slow,Far,Premium
2352,2024-04-19,49,Italian,528.03,5.84,87,Wallet,4.2,Delivered,4,Friday,Senior (45+),Slow,Medium,Regular
2353,2024-10-21,58,Bakery,722.42,2.52,61,Cash,3.6,Delivered,10,Monday,Senior (45+),Slow,Near,Regular
2354,2024-10-25,32,Italian,552.04,14.18,76,UPI,3.3,Cancelled,10,Friday,Adult (30-44),Slow,Far,Regular
2355,2024-10-30,48,Indian,896.65,11.66,58,Wallet,4.2,Delivered,10,Wednesday,Senior (45+),Normal,Far,Premium
2356,2024-01-14,36,Fast Food,857.21,0.62,38,UPI,3.7,Delayed,1,Sunday,Adult (30-44),Normal,Near,Premium
2357,2024-05-11,30,Chinese,884.2,6.32,79,Wallet,4.0,Cancelled,5,Saturday,Adult (30-44),Slow,Medium,Premium
2358,2024-11-14,47,Fast Food,635.43,9.53,85,UPI,4.2,Cancelled,11,Thursday,Senior (45+),Slow,Medium,Regular
2359,2024-09-23,19,Fast Food,1081.53,14.95,30,Card,3.7,Delivered,9,Monday,Young (18-29),Normal,Far,Premium
2360,2024-12-10,25,Indian,213.67,10.32,27,Wallet,4.2,Delivered,12,Tuesday,Young (18-29),Fast,Far,Budget
2361,2024-11-16,43,Indian,852.33,11.39,76,Card,3.7,Delayed,11,Saturday,Adult (30-44),Slow,Far,Premium
2362,2024-03-30,36,Fast Food,299.17,9.54,66,UPI,4.5,Delivered,3,Saturday,Adult (30-44),Slow,Medium,Budget
2363,2024-09-26,62,Chinese,918.34,12.51,71,Cash,2.5,Delayed,9,Thursday,Senior (45+),Slow,Far,Premium
2364,2024-05-31,57,Chinese,514.91,14.25,43,Cash,3.8,Delivered,5,Friday,Senior (45+),Normal,Far,Regular
2365,2024-11-22,57,Fast Food,212.58,11.53,63,Wallet,3.2,Cancelled,11,Friday,Senior (45+),Slow,Far,Budget
2366,2024-11-21,24,Indian,314.77,10.78,28,Cash,3.5,Cancelled,11,Thursday,Young (18-29),Fast,Far,Budget
2367,2024-08-11,52,Cafe,1139.69,2.02,28,Wallet,3.6,Delivered,8,Sunday,Senior (45+),Fast,Near,Premium
2368,2024-01-14,33,Indian,602.13,8.47,41,Cash,3.2,Delayed,1,Sunday,Adult (30-44),Normal,Medium,Regular
2369,2024-10-02,27,Bakery,241.33,7.01,83,UPI,4.3,Cancelled,10,Wednesday,Young (18-29),Slow,Medium,Budget
2370,2024-10-11,46,Italian,170.86,7.09,49,Card,3.8,Cancelled,10,Friday,Senior (45+),Normal,Medium,Budget
2371,2024-09-12,55,Italian,388.65,6.68,68,UPI,4.0,Delayed,9,Thursday,Senior (45+),Slow,Medium,Budget
2372,2024-08-28,26,Bakery,1163.97,5.7,79,Card,4.3,Cancelled,8,Wednesday,Young (18-29),Slow,Medium,Premium
2373,2024-12-31,29,Bakery,675.3,1.21,29,Cash,3.8,Delayed,12,Tuesday,Young (18-29),Fast,Near,Regular
2374,2024-01-15,62,Bakery,703.14,7.58,78,Card,3.4,Delivered,1,Monday,Senior (45+),Slow,Medium,Regular
2375,2024-11-13,24,Bakery,159.95,7.12,83,Card,3.7,Delivered,11,Wednesday,Young (18-29),Slow,Medium,Budget
2376,2024-08-05,59,Chinese,639.94,0.81,36,Wallet,3.7,Cancelled,8,Monday,Senior (45+),Normal,Near,Regular
2377,2024-11-18,22,Italian,687.46,1.25,65,Wallet,4.2,Delivered,11,Monday,Young (18-29),Slow,Near,Regular
2378,2024-03-16,40,Chinese,832.31,10.65,84,Cash,4.0,Cancelled,3,Saturday,Adult (30-44),Slow,Far,Regular
2379,2024-07-30,49,Fast Food,450.45,9.37,89,Wallet,5.0,Delayed,7,Tuesday,Senior (45+),Slow,Medium,Regular
2380,2024-09-06,32,Bakery,1098.19,10.07,59,Wallet,2.6,Cancelled,9,Friday,Adult (30-44),Normal,Far,Premium
2381,2024-10-21,55,Cafe,484.43,5.32,28,Wallet,4.8,Delayed,10,Monday,Senior (45+),Fast,Medium,Regular
2382,2024-02-10,49,Bakery,494.56,12.28,35,Wallet,3.1,Cancelled,2,Saturday,Senior (45+),Normal,Far,Regular
2383,2024-12-25,44,Indian,218.23,11.09,18,UPI,4.5,Delivered,12,Wednesday,Adult (30-44),Fast,Far,Budget
2384,2024-01-26,28,Bakery,562.68,2.17,25,Wallet,3.7,Delivered,1,Friday,Young (18-29),Fast,Near,Regular
2385,2024-12-22,61,Fast Food,470.28,10.51,72,Cash,2.5,Cancelled,12,Sunday,Senior (45+),Slow,Far,Regular
2386,2024-04-30,58,Italian,1047.26,1.51,20,Wallet,4.8,Delayed,4,Tuesday,Senior (45+),Fast,Near,Premium
2387,2024-02-21,48,Cafe,669.88,10.72,49,Wallet,3.2,Delayed,2,Wednesday,Senior (45+),Normal,Far,Regular
2388,2024-01-20,23,Indian,1158.28,10.81,80,UPI,4.1,Cancelled,1,Saturday,Young (18-29),Slow,Far,Premium
2389,2024-06-27,26,Cafe,434.32,13.33,50,Card,4.5,Cancelled,6,Thursday,Young (18-29),Normal,Far,Budget
2390,2024-03-08,40,Cafe,989.42,12.89,17,Wallet,4.1,Delivered,3,Friday,Adult (30-44),Fast,Far,Premium
2391,2024-10-26,65,Indian,1108.74,2.48,56,UPI,3.5,Cancelled,10,Saturday,Senior (45+),Normal,Near,Premium
2392,2024-10-14,50,Chinese,335.34,5.14,61,UPI,4.3,Delayed,10,Monday,Senior (45+),Slow,Medium,Budget
2393,2024-06-03,23,Fast Food,849.01,7.07,49,Card,4.4,Cancelled,6,Monday,Young (18-29),Normal,Medium,Regular
2394,2024-05-17,53,Fast Food,257.81,5.4,32,Card,2.7,Delayed,5,Friday,Senior (45+),Normal,Medium,Budget
2395,2024-01-06,41,Cafe,508.67,14.57,34,Wallet,2.7,Delivered,1,Saturday,Adult (30-44),Normal,Far,Regular
2396,2024-01-11,64,Chinese,635.09,11.65,84,Card,3.8,Delayed,1,Thursday,Senior (45+),Slow,Far,Regular
2397,2024-05-27,60,Fast Food,960.28,3.78,17,Wallet,3.1,Delivered,5,Monday,Senior (45+),Fast,Near,Premium
2398,2024-05-25,37,Fast Food,206.17,11.9,60,Wallet,4.0,Delivered,5,Saturday,Adult (30-44),Slow,Far,Budget
2399,2024-05-06,40,Italian,295.25,14.97,23,Wallet,2.5,Delayed,5,Monday,Adult (30-44),Fast,Far,Budget
2400,2024-02-20,27,Italian,299.55,6.37,52,Wallet,4.8,Delivered,2,Tuesday,Young (18-29),Normal,Medium,Budget
2401,2024-12-20,36,Italian,784.44,9.73,48,Cash,4.8,Delivered,12,Friday,Adult (30-44),Normal,Medium,Regular
2402,2024-09-26,65,Bakery,670.2,8.95,81,Cash,3.8,Delivered,9,Thursday,Senior (45+),Slow,Medium,Regular
2403,2024-09-25,47,Chinese,245.05,9.25,41,Cash,4.7,Delayed,9,Wednesday,Senior (45+),Normal,Medium,Budget
2404,2024-01-10,52,Cafe,1042.98,3.05,32,UPI,2.9,Delivered,1,Wednesday,Senior (45+),Normal,Near,Premium
2405,2024-05-13,19,Fast Food,1087.81,4.26,16,UPI,3.8,Delayed,5,Monday,Young (18-29),Fast,Near,Premium
2406,2024-08-09,54,Fast Food,827.39,1.52,74,Cash,3.1,Delivered,8,Friday,Senior (45+),Slow,Near,Regular
2407,2024-02-16,63,Bakery,576.86,6.66,81,Cash,3.8,Delivered,2,Friday,Senior (45+),Slow,Medium,Regular
2408,2024-09-26,34,Italian,209.03,9.91,77,Cash,3.1,Delayed,9,Thursday,Adult (30-44),Slow,Medium,Budget
2409,2024-04-26,33,Cafe,435.15,7.34,22,Cash,4.6,Cancelled,4,Friday,Adult (30-44),Fast,Medium,Budget
2410,2024-09-27,29,Bakery,1172.42,9.37,59,Card,4.2,Cancelled,9,Friday,Young (18-29),Normal,Medium,Premium
2411,2024-03-19,53,Fast Food,1088.64,8.83,51,Cash,4.4,Delayed,3,Tuesday,Senior (45+),Normal,Medium,Premium
2412,2024-09-22,20,Italian,431.47,7.86,22,Wallet,4.3,Delivered,9,Sunday,Young (18-29),Fast,Medium,Budget
2413,2024-11-23,53,Chinese,1007.53,6.08,20,Card,3.6,Delivered,11,Saturday,Senior (45+),Fast,Medium,Premium
2414,2024-10-10,47,Chinese,696.35,10.97,60,Wallet,2.8,Delivered,10,Thursday,Senior (45+),Slow,Far,Regular
2415,2024-04-18,18,Fast Food,900.92,10.38,50,Wallet,4.7,Cancelled,4,Thursday,Young (18-29),Normal,Far,Premium
2416,2024-07-17,35,Cafe,165.18,13.44,45,UPI,4.6,Delayed,7,Wednesday,Adult (30-44),Normal,Far,Budget
2417,2024-11-04,59,Chinese,556.43,1.06,16,Wallet,4.0,Delayed,11,Monday,Senior (45+),Fast,Near,Regular
2418,2024-07-24,42,Fast Food,1100.53,4.96,59,Wallet,3.1,Delivered,7,Wednesday,Adult (30-44),Normal,Near,Premium
2419,2024-02-12,34,Cafe,970.82,8.94,85,Wallet,4.4,Delivered,2,Monday,Adult (30-44),Slow,Medium,Premium
2420,2024-08-04,24,Chinese,854.58,1.27,50,Cash,2.8,Cancelled,8,Sunday,Young (18-29),Normal,Near,Premium
2421,2024-06-20,31,Cafe,508.19,1.86,28,Wallet,3.5,Cancelled,6,Thursday,Adult (30-44),Fast,Near,Regular
2422,2024-02-29,21,Indian,919.98,2.96,67,UPI,3.7,Delayed,2,Thursday,Young (18-29),Slow,Near,Premium
2423,2024-05-22,23,Fast Food,459.17,10.65,36,UPI,4.3,Delayed,5,Wednesday,Young (18-29),Normal,Far,Regular
2424,2024-05-21,33,Indian,1078.31,12.08,16,Card,3.1,Delivered,5,Tuesday,Adult (30-44),Fast,Far,Premium
2425,2024-10-11,57,Cafe,683.42,9.03,16,Card,3.8,Cancelled,10,Friday,Senior (45+),Fast,Medium,Regular
2426,2024-05-08,57,Italian,1046.36,10.44,25,UPI,4.1,Cancelled,5,Wednesday,Senior (45+),Fast,Far,Premium
2427,2024-10-23,57,Indian,978.42,13.43,55,Wallet,3.2,Cancelled,10,Wednesday,Senior (45+),Normal,Far,Premium
2428,2024-11-11,40,Indian,797.8,13.99,26,Card,4.4,Delayed,11,Monday,Adult (30-44),Fast,Far,Regular
2429,2024-10-19,53,Cafe,585.11,11.72,32,UPI,3.0,Delivered,10,Saturday,Senior (45+),Normal,Far,Regular
2430,2024-08-19,25,Italian,166.09,13.06,31,UPI,3.9,Delayed,8,Monday,Young (18-29),Normal,Far,Budget
2431,2024-07-14,28,Italian,160.07,14.18,51,Wallet,2.9,Delivered,7,Sunday,Young (18-29),Normal,Far,Budget
2432,2024-11-07,27,Fast Food,624.63,11.42,87,Card,3.1,Delivered,11,Thursday,Young (18-29),Slow,Far,Regular
2433,2024-12-06,63,Cafe,213.91,11.76,56,Cash,4.3,Delayed,12,Friday,Senior (45+),Normal,Far,Budget
2434,2024-01-15,54,Indian,451.66,6.26,78,Wallet,4.6,Cancelled,1,Monday,Senior (45+),Slow,Medium,Regular
2435,2024-10-25,61,Chinese,1007.15,2.72,76,Cash,3.8,Delayed,10,Friday,Senior (45+),Slow,Near,Premium
2436,2024-02-02,50,Italian,893.21,5.47,47,Cash,3.5,Delivered,2,Friday,Senior (45+),Normal,Medium,Premium
2437,2024-06-01,45,Cafe,309.27,3.72,51,Card,3.1,Delivered,6,Saturday,Senior (45+),Normal,Near,Budget
2438,2024-03-18,63,Bakery,1135.68,5.04,18,Card,3.7,Delivered,3,Monday,Senior (45+),Fast,Medium,Premium
2439,2024-01-05,36,Italian,331.03,5.23,32,Card,2.5,Cancelled,1,Friday,Adult (30-44),Normal,Medium,Budget
2440,2024-03-26,46,Italian,1089.27,8.41,47,Cash,4.1,Delayed,3,Tuesday,Senior (45+),Normal,Medium,Premium
2441,2024-12-23,33,Bakery,1120.4,12.32,40,UPI,3.6,Cancelled,12,Monday,Adult (30-44),Normal,Far,Premium
2442,2024-10-15,64,Bakery,316.76,7.51,29,UPI,3.8,Delayed,10,Tuesday,Senior (45+),Fast,Medium,Budget
2443,2024-06-29,21,Bakery,895.54,5.87,85,Cash,5.0,Delayed,6,Saturday,Young (18-29),Slow,Medium,Premium
2444,2024-06-20,38,Cafe,1146.9,10.31,53,Card,4.6,Delivered,6,Thursday,Adult (30-44),Normal,Far,Premium
2445,2024-03-05,65,Cafe,656.31,12.54,75,Wallet,3.6,Delayed,3,Tuesday,Senior (45+),Slow,Far,Regular
2446,2024-01-21,30,Italian,632.18,3.3,87,UPI,3.5,Cancelled,1,Sunday,Adult (30-44),Slow,Near,Regular
2447,2024-11-14,46,Bakery,777.24,4.66,16,UPI,2.7,Cancelled,11,Thursday,Senior (45+),Fast,Near,Regular
2448,2024-11-22,50,Cafe,940.67,5.95,49,Cash,3.1,Delivered,11,Friday,Senior (45+),Normal,Medium,Premium
2449,2024-09-30,21,Cafe,775.2,10.65,23,UPI,4.7,Delivered,9,Monday,Young (18-29),Fast,Far,Regular
2450,2024-02-07,61,Chinese,1103.26,8.15,49,Card,4.8,Delivered,2,Wednesday,Senior (45+),Normal,Medium,Premium
2451,2024-11-12,54,Bakery,284.48,6.61,80,Cash,3.5,Cancelled,11,Tuesday,Senior (45+),Slow,Medium,Budget
2452,2024-11-05,38,Fast Food,810.27,13.13,28,Wallet,4.2,Delayed,11,Tuesday,Adult (30-44),Fast,Far,Regular
2453,2024-09-10,20,Bakery,445.82,11.69,16,Cash,2.7,Cancelled,9,Tuesday,Young (18-29),Fast,Far,Budget
2454,2024-04-17,27,Indian,333.94,4.1,90,UPI,4.0,Cancelled,4,Wednesday,Young (18-29),Slow,Near,Budget
2455,2024-01-05,60,Bakery,639.24,12.75,67,Card,3.3,Delayed,1,Friday,Senior (45+),Slow,Far,Regular
2456,2024-06-27,26,Fast Food,1065.37,8.67,87,Cash,4.8,Delayed,6,Thursday,Young (18-29),Slow,Medium,Premium
2457,2024-08-19,21,Cafe,412.23,7.59,80,UPI,4.9,Delayed,8,Monday,Young (18-29),Slow,Medium,Budget
2458,2024-08-17,22,Fast Food,199.37,12.56,62,UPI,3.3,Cancelled,8,Saturday,Young (18-29),Slow,Far,Budget
2459,2024-07-05,31,Bakery,1145.9,12.45,48,Wallet,3.8,Cancelled,7,Friday,Adult (30-44),Normal,Far,Premium
2460,2024-05-01,37,Indian,741.97,11.27,54,Cash,3.5,Delivered,5,Wednesday,Adult (30-44),Normal,Far,Regular
2461,2024-06-19,54,Indian,517.42,8.33,83,UPI,4.2,Delayed,6,Wednesday,Senior (45+),Slow,Medium,Regular
2462,2024-01-24,23,Chinese,997.13,10.1,39,Wallet,4.0,Delayed,1,Wednesday,Young (18-29),Normal,Far,Premium
2463,2024-03-13,53,Italian,1000.72,4.92,35,UPI,4.0,Delayed,3,Wednesday,Senior (45+),Normal,Near,Premium
2464,2024-09-05,61,Fast Food,326.16,10.09,87,UPI,3.2,Delivered,9,Thursday,Senior (45+),Slow,Far,Budget
2465,2024-11-24,28,Italian,1126.37,14.66,47,UPI,3.7,Delayed,11,Sunday,Young (18-29),Normal,Far,Premium
2466,2024-06-14,31,Fast Food,1007.03,6.47,90,UPI,5.0,Delayed,6,Friday,Adult (30-44),Slow,Medium,Premium
2467,2024-05-01,48,Fast Food,621.01,8.0,70,Cash,3.9,Delayed,5,Wednesday,Senior (45+),Slow,Medium,Regular
2468,2024-06-30,60,Indian,777.32,10.79,15,Card,4.8,Cancelled,6,Sunday,Senior (45+),Fast,Far,Regular
2469,2024-05-27,39,Bakery,578.99,9.13,65,Card,2.5,Delivered,5,Monday,Adult (30-44),Slow,Medium,Regular
2470,2024-01-29,28,Indian,692.14,8.39,32,Wallet,3.5,Cancelled,1,Monday,Young (18-29),Normal,Medium,Regular
2471,2024-10-19,61,Italian,954.43,6.49,24,Card,4.4,Delayed,10,Saturday,Senior (45+),Fast,Medium,Premium
2472,2024-10-28,35,Chinese,447.73,2.41,61,Cash,4.3,Cancelled,10,Monday,Adult (30-44),Slow,Near,Budget
2473,2024-02-29,38,Cafe,1122.48,5.25,34,Wallet,4.8,Delivered,2,Thursday,Adult (30-44),Normal,Medium,Premium
2474,2024-12-20,53,Chinese,1126.01,13.09,19,UPI,3.0,Delivered,12,Friday,Senior (45+),Fast,Far,Premium
2475,2024-10-27,30,Chinese,261.07,7.47,67,UPI,4.0,Cancelled,10,Sunday,Adult (30-44),Slow,Medium,Budget
2476,2024-05-09,46,Chinese,335.59,2.6,40,Cash,3.8,Delivered,5,Thursday,Senior (45+),Normal,Near,Budget
2477,2024-09-15,44,Italian,1110.11,2.24,73,Cash,3.3,Delayed,9,Sunday,Adult (30-44),Slow,Near,Premium
2478,2024-09-04,32,Indian,975.2,7.63,79,Wallet,4.2,Delivered,9,Wednesday,Adult (30-44),Slow,Medium,Premium
2479,2024-04-18,51,Indian,706.49,13.89,84,Card,4.5,Cancelled,4,Thursday,Senior (45+),Slow,Far,Regular
2480,2024-10-08,25,Italian,850.33,5.43,83,Wallet,2.6,Delivered,10,Tuesday,Young (18-29),Slow,Medium,Premium
2481,2024-08-04,42,Indian,917.15,9.92,68,Wallet,4.0,Delivered,8,Sunday,Adult (30-44),Slow,Medium,Premium
2482,2024-07-20,22,Chinese,567.93,2.06,46,Wallet,2.8,Cancelled,7,Saturday,Young (18-29),Normal,Near,Regular
2483,2024-02-05,56,Chinese,914.12,14.11,20,Card,3.7,Cancelled,2,Monday,Senior (45+),Fast,Far,Premium
2484,2024-06-19,41,Bakery,625.57,9.69,88,Card,3.3,Delivered,6,Wednesday,Adult (30-44),Slow,Medium,Regular
2485,2024-04-01,38,Indian,545.65,11.86,70,Card,4.2,Cancelled,4,Monday,Adult (30-44),Slow,Far,Regular
2486,2024-02-10,58,Chinese,759.14,1.4,15,Wallet,4.5,Cancelled,2,Saturday,Senior (45+),Fast,Near,Regular
2487,2024-04-17,41,Bakery,942.03,1.94,66,Cash,4.6,Delayed,4,Wednesday,Adult (30-44),Slow,Near,Premium
2488,2024-03-03,46,Italian,537.15,2.86,15,UPI,2.7,Delivered,3,Sunday,Senior (45+),Fast,Near,Regular
2489,2024-05-10,19,Indian,936.37,12.16,24,Card,4.7,Delivered,5,Friday,Young (18-29),Fast,Far,Premium
2490,2024-08-27,61,Cafe,911.76,2.82,32,UPI,4.1,Delivered,8,Tuesday,Senior (45+),Normal,Near,Premium
2491,2024-10-23,57,Indian,702.23,3.04,23,UPI,4.8,Delayed,10,Wednesday,Senior (45+),Fast,Near,Regular
2492,2024-01-22,57,Chinese,178.47,8.4,75,Card,3.9,Delayed,1,Monday,Senior (45+),Slow,Medium,Budget
2493,2024-03-13,53,Indian,584.92,1.95,60,Cash,2.8,Delayed,3,Wednesday,Senior (45+),Slow,Near,Regular
2494,2024-07-30,49,Italian,535.2,12.64,77,UPI,2.7,Delivered,7,Tuesday,Senior (45+),Slow,Far,Regular
2495,2024-08-10,52,Bakery,478.47,12.84,71,UPI,4.7,Delayed,8,Saturday,Senior (45+),Slow,Far,Regular
2496,2024-03-21,32,Fast Food,1112.7,8.31,25,Wallet,2.7,Delivered,3,Thursday,Adult (30-44),Fast,Medium,Premium
2497,2024-01-12,33,Chinese,377.14,0.69,36,Cash,2.6,Delayed,1,Friday,Adult (30-44),Normal,Near,Budget
2498,2024-05-16,45,Fast Food,1161.98,12.2,46,Cash,3.6,Delayed,5,Thursday,Senior (45+),Normal,Far,Premium
2499,2024-05-21,25,Chinese,514.54,12.29,29,UPI,3.1,Delayed,5,Tuesday,Young (18-29),Fast,Far,Regular
2500,2024-05-22,43,Chinese,729.01,11.94,29,Card,4.8,Delayed,5,Wednesday,Adult (30-44),Fast,Far,Regular
2501,2024-04-13,23,Cafe,851.44,5.95,77,Wallet,2.6,Cancelled,4,Saturday,Young (18-29),Slow,Medium,Premium
2502,2024-09-12,36,Fast Food,342.84,14.55,86,UPI,2.7,Delivered,9,Thursday,Adult (30-44),Slow,Far,Budget
2503,2024-06-05,28,Chinese,615.89,7.12,39,UPI,2.8,Delivered,6,Wednesday,Young (18-29),Normal,Medium,Regular
2504,2024-01-01,36,Italian,454.95,14.88,17,UPI,4.6,Cancelled,1,Monday,Adult (30-44),Fast,Far,Regular
2505,2024-08-10,62,Bakery,967.49,12.21,56,Card,3.1,Cancelled,8,Saturday,Senior (45+),Normal,Far,Premium
2506,2024-12-29,33,Bakery,476.85,14.66,23,UPI,2.9,Cancelled,12,Sunday,Adult (30-44),Fast,Far,Regular
2507,2024-06-16,59,Chinese,1009.62,7.7,41,Cash,3.8,Delayed,6,Sunday,Senior (45+),Normal,Medium,Premium
2508,2024-07-07,59,Italian,292.8,1.02,50,UPI,2.8,Delivered,7,Sunday,Senior (45+),Normal,Near,Budget
2509,2024-04-09,37,Chinese,340.33,4.52,90,Cash,3.6,Delivered,4,Tuesday,Adult (30-44),Slow,Near,Budget
2510,2024-03-24,21,Indian,1085.42,8.28,54,Cash,3.2,Delayed,3,Sunday,Young (18-29),Normal,Medium,Premium
2511,2024-02-19,46,Chinese,1080.97,2.19,36,Card,4.9,Delivered,2,Monday,Senior (45+),Normal,Near,Premium
2512,2024-10-10,21,Indian,407.89,14.32,40,Cash,4.0,Delivered,10,Thursday,Young (18-29),Normal,Far,Budget
2513,2024-08-30,58,Italian,927.72,4.96,50,Cash,2.9,Delayed,8,Friday,Senior (45+),Normal,Near,Premium
2514,2024-08-25,44,Cafe,1090.15,3.9,90,Wallet,3.7,Cancelled,8,Sunday,Adult (30-44),Slow,Near,Premium
2515,2024-12-22,25,Indian,865.64,13.81,74,UPI,4.5,Cancelled,12,Sunday,Young (18-29),Slow,Far,Premium
2516,2024-11-10,25,Indian,270.08,10.51,88,Cash,2.9,Cancelled,11,Sunday,Young (18-29),Slow,Far,Budget
2517,2024-03-21,63,Italian,886.95,3.17,76,UPI,3.0,Delivered,3,Thursday,Senior (45+),Slow,Near,Premium
2518,2024-10-14,49,Chinese,195.65,6.42,55,Card,4.7,Cancelled,10,Monday,Senior (45+),Normal,Medium,Budget
2519,2024-05-08,43,Chinese,1099.77,2.1,70,Cash,3.8,Delayed,5,Wednesday,Adult (30-44),Slow,Near,Premium
2520,2024-07-30,18,Cafe,777.27,3.61,40,Wallet,4.1,Cancelled,7,Tuesday,Young (18-29),Normal,Near,Regular
2521,2024-01-02,22,Chinese,909.08,1.27,87,Card,4.0,Cancelled,1,Tuesday,Young (18-29),Slow,Near,Premium
2522,2024-04-09,25,Chinese,272.34,10.65,59,Wallet,4.2,Delayed,4,Tuesday,Young (18-29),Normal,Far,Budget
2523,2024-08-03,29,Fast Food,688.62,4.29,15,Wallet,3.4,Cancelled,8,Saturday,Young (18-29),Fast,Near,Regular
2524,2024-03-05,41,Indian,821.83,6.6,85,Cash,4.5,Delayed,3,Tuesday,Adult (30-44),Slow,Medium,Regular
2525,2024-10-18,60,Indian,662.94,14.65,47,Cash,3.9,Cancelled,10,Friday,Senior (45+),Normal,Far,Regular
2526,2024-03-02,24,Cafe,724.77,6.74,29,UPI,3.1,Delivered,3,Saturday,Young (18-29),Fast,Medium,Regular
2527,2024-10-31,65,Italian,198.81,3.42,89,Wallet,3.3,Cancelled,10,Thursday,Senior (45+),Slow,Near,Budget
2528,2024-05-25,30,Cafe,1135.45,1.68,81,Cash,3.6,Delayed,5,Saturday,Adult (30-44),Slow,Near,Premium
2529,2024-09-09,33,Chinese,722.55,14.61,29,Wallet,3.5,Delayed,9,Monday,Adult (30-44),Fast,Far,Regular
2530,2024-10-30,32,Fast Food,407.65,7.2,60,UPI,3.1,Delayed,10,Wednesday,Adult (30-44),Slow,Medium,Budget
2531,2024-11-09,32,Fast Food,1004.26,14.36,22,Card,3.3,Delivered,11,Saturday,Adult (30-44),Fast,Far,Premium
2532,2024-10-27,56,Cafe,757.64,1.18,30,UPI,3.3,Delayed,10,Sunday,Senior (45+),Normal,Near,Regular
2533,2024-09-14,62,Fast Food,987.91,9.62,59,Cash,2.6,Cancelled,9,Saturday,Senior (45+),Normal,Medium,Premium
2534,2024-08-12,20,Italian,981.06,11.79,19,Card,3.5,Delivered,8,Monday,Young (18-29),Fast,Far,Premium
2535,2024-07-31,41,Indian,519.36,9.82,58,Card,4.9,Delayed,7,Wednesday,Adult (30-44),Normal,Medium,Regular
2536,2024-06-29,31,Chinese,930.5,7.21,19,Card,4.1,Delayed,6,Saturday,Adult (30-44),Fast,Medium,Premium
2537,2024-01-21,27,Italian,319.96,7.13,37,Wallet,4.9,Cancelled,1,Sunday,Young (18-29),Normal,Medium,Budget
2538,2024-05-20,48,Chinese,1163.37,3.13,86,Wallet,2.6,Cancelled,5,Monday,Senior (45+),Slow,Near,Premium
2539,2024-12-08,51,Bakery,906.05,12.4,23,Cash,5.0,Delayed,12,Sunday,Senior (45+),Fast,Far,Premium
2540,2024-02-27,49,Bakery,291.74,10.78,67,Card,4.3,Delivered,2,Tuesday,Senior (45+),Slow,Far,Budget
2541,2024-02-27,19,Chinese,637.27,4.26,85,Card,4.8,Cancelled,2,Tuesday,Young (18-29),Slow,Near,Regular
2542,2024-08-26,29,Chinese,808.95,5.07,71,UPI,3.1,Cancelled,8,Monday,Young (18-29),Slow,Medium,Regular
2543,2024-08-16,23,Italian,638.02,8.93,60,Card,4.6,Delivered,8,Friday,Young (18-29),Slow,Medium,Regular
2544,2024-02-22,31,Indian,1098.48,5.16,52,Wallet,3.1,Cancelled,2,Thursday,Adult (30-44),Normal,Medium,Premium
2545,2024-06-09,49,Cafe,1010.52,11.18,17,Cash,2.8,Delayed,6,Sunday,Senior (45+),Fast,Far,Premium
2546,2024-03-25,46,Cafe,389.85,13.48,70,Cash,3.5,Delivered,3,Monday,Senior (45+),Slow,Far,Budget
2547,2024-08-16,41,Italian,388.55,6.25,27,UPI,2.7,Cancelled,8,Friday,Adult (30-44),Fast,Medium,Budget
2548,2024-01-18,36,Italian,807.55,2.53,22,Cash,3.6,Cancelled,1,Thursday,Adult (30-44),Fast,Near,Regular
2549,2024-03-19,45,Italian,1077.95,11.79,84,Card,3.1,Delivered,3,Tuesday,Senior (45+),Slow,Far,Premium
2550,2024-08-16,38,Fast Food,732.39,12.79,43,Cash,2.9,Cancelled,8,Friday,Adult (30-44),Normal,Far,Regular
2551,2024-04-05,19,Chinese,782.45,7.72,20,Wallet,4.9,Cancelled,4,Friday,Young (18-29),Fast,Medium,Regular
2552,2024-05-31,30,Chinese,916.04,10.21,61,Cash,3.9,Delivered,5,Friday,Adult (30-44),Slow,Far,Premium
2553,2024-07-30,36,Bakery,1115.21,12.31,33,UPI,3.4,Delivered,7,Tuesday,Adult (30-44),Normal,Far,Premium
2554,2024-05-19,21,Cafe,360.34,14.18,42,Card,3.9,Delivered,5,Sunday,Young (18-29),Normal,Far,Budget
2555,2024-11-27,35,Fast Food,953.56,9.27,32,Wallet,3.6,Delivered,11,Wednesday,Adult (30-44),Normal,Medium,Premium
2556,2024-08-16,19,Italian,456.46,4.21,26,Wallet,2.9,Delayed,8,Friday,Young (18-29),Fast,Near,Regular
2557,2024-12-14,31,Fast Food,851.81,10.24,41,Wallet,2.8,Delayed,12,Saturday,Adult (30-44),Normal,Far,Premium
2558,2024-01-23,61,Italian,377.57,11.52,38,UPI,3.3,Delayed,1,Tuesday,Senior (45+),Normal,Far,Budget
2559,2024-01-29,27,Chinese,673.38,5.73,32,Wallet,3.1,Cancelled,1,Monday,Young (18-29),Normal,Medium,Regular
2560,2024-08-03,25,Bakery,860.34,8.53,19,Cash,3.6,Cancelled,8,Saturday,Young (18-29),Fast,Medium,Premium
2561,2024-10-16,45,Italian,1117.46,1.52,21,Wallet,4.0,Delayed,10,Wednesday,Senior (45+),Fast,Near,Premium
2562,2024-05-18,32,Chinese,817.95,10.28,27,Cash,3.6,Cancelled,5,Saturday,Adult (30-44),Fast,Far,Regular
2563,2024-11-20,38,Chinese,497.96,4.43,34,Card,4.9,Delayed,11,Wednesday,Adult (30-44),Normal,Near,Regular
2564,2024-09-11,46,Fast Food,525.42,9.92,26,Cash,3.7,Cancelled,9,Wednesday,Senior (45+),Fast,Medium,Regular
2565,2024-03-10,63,Bakery,1136.39,12.53,32,Card,2.6,Delayed,3,Sunday,Senior (45+),Normal,Far,Premium
2566,2024-09-21,23,Fast Food,829.45,5.22,43,Cash,4.0,Delivered,9,Saturday,Young (18-29),Normal,Medium,Regular
2567,2024-09-12,27,Fast Food,694.74,5.65,76,Wallet,3.1,Cancelled,9,Thursday,Young (18-29),Slow,Medium,Regular
2568,2024-04-14,45,Fast Food,366.67,12.34,34,Wallet,3.1,Delayed,4,Sunday,Senior (45+),Normal,Far,Budget
2569,2024-10-10,39,Italian,211.77,3.98,60,UPI,3.9,Delivered,10,Thursday,Adult (30-44),Slow,Near,Budget
2570,2024-11-12,22,Italian,500.48,11.81,17,UPI,5.0,Delayed,11,Tuesday,Young (18-29),Fast,Far,Regular
2571,2024-03-31,30,Indian,285.37,4.09,23,Cash,2.6,Delayed,3,Sunday,Adult (30-44),Fast,Near,Budget
2572,2024-01-16,40,Cafe,830.22,0.97,18,Cash,4.1,Delayed,1,Tuesday,Adult (30-44),Fast,Near,Regular
2573,2024-10-16,23,Chinese,487.24,6.52,43,Cash,3.9,Cancelled,10,Wednesday,Young (18-29),Normal,Medium,Regular
2574,2024-09-03,64,Chinese,1197.23,0.68,20,Card,4.6,Cancelled,9,Tuesday,Senior (45+),Fast,Near,Premium
2575,2024-09-06,45,Cafe,1169.05,13.87,40,Cash,2.8,Delivered,9,Friday,Senior (45+),Normal,Far,Premium
2576,2024-05-29,41,Cafe,523.78,9.51,81,Wallet,2.9,Delivered,5,Wednesday,Adult (30-44),Slow,Medium,Regular
2577,2024-12-21,40,Bakery,1065.03,9.3,87,UPI,2.5,Delivered,12,Saturday,Adult (30-44),Slow,Medium,Premium
2578,2024-03-26,40,Indian,680.36,12.52,69,UPI,4.3,Cancelled,3,Tuesday,Adult (30-44),Slow,Far,Regular
2579,2024-09-27,61,Indian,1074.33,8.89,57,Card,4.3,Cancelled,9,Friday,Senior (45+),Normal,Medium,Premium
2580,2024-03-28,40,Chinese,292.77,9.32,90,Cash,4.4,Delayed,3,Thursday,Adult (30-44),Slow,Medium,Budget
2581,2024-10-20,31,Fast Food,1027.08,13.63,62,UPI,2.9,Cancelled,10,Sunday,Adult (30-44),Slow,Far,Premium
2582,2024-12-03,20,Chinese,794.9,10.77,52,Cash,2.9,Delivered,12,Tuesday,Young (18-29),Normal,Far,Regular
2583,2024-12-26,23,Chinese,678.87,13.13,83,UPI,4.3,Cancelled,12,Thursday,Young (18-29),Slow,Far,Regular
2584,2024-04-06,41,Indian,892.13,4.37,71,UPI,3.5,Delayed,4,Saturday,Adult (30-44),Slow,Near,Premium
2585,2024-03-26,21,Italian,840.87,3.26,52,UPI,2.8,Cancelled,3,Tuesday,Young (18-29),Normal,Near,Regular
2586,2024-09-02,26,Bakery,304.97,8.26,39,UPI,3.7,Delayed,9,Monday,Young (18-29),Normal,Medium,Budget
2587,2024-08-12,60,Fast Food,1018.51,12.32,17,Card,3.3,Cancelled,8,Monday,Senior (45+),Fast,Far,Premium
2588,2024-08-17,61,Bakery,1174.92,8.47,71,Card,4.1,Delivered,8,Saturday,Senior (45+),Slow,Medium,Premium
2589,2024-06-14,48,Indian,333.35,9.81,16,Card,4.1,Delivered,6,Friday,Senior (45+),Fast,Medium,Budget
2590,2024-07-14,59,Chinese,851.67,5.05,71,UPI,4.2,Delivered,7,Sunday,Senior (45+),Slow,Medium,Premium
2591,2024-08-05,62,Cafe,890.04,4.71,41,UPI,3.8,Cancelled,8,Monday,Senior (45+),Normal,Near,Premium
2592,2024-02-04,30,Bakery,166.44,2.45,19,Cash,2.7,Delayed,2,Sunday,Adult (30-44),Fast,Near,Budget
2593,2024-01-24,38,Cafe,855.93,10.34,73,Cash,3.0,Cancelled,1,Wednesday,Adult (30-44),Slow,Far,Premium
2594,2024-10-16,20,Fast Food,196.54,3.14,70,Card,2.5,Delivered,10,Wednesday,Young (18-29),Slow,Near,Budget
2595,2024-11-16,23,Indian,462.58,10.28,25,Wallet,2.5,Delivered,11,Saturday,Young (18-29),Fast,Far,Regular
2596,2024-05-20,46,Cafe,738.51,9.12,31,Wallet,4.5,Cancelled,5,Monday,Senior (45+),Normal,Medium,Regular
2597,2024-05-15,56,Indian,421.78,8.29,66,Card,2.8,Delayed,5,Wednesday,Senior (45+),Slow,Medium,Budget
2598,2024-10-18,32,Cafe,1009.93,12.8,73,UPI,4.4,Delivered,10,Friday,Adult (30-44),Slow,Far,Premium
2599,2024-04-24,55,Bakery,240.97,13.56,56,Cash,4.3,Delivered,4,Wednesday,Senior (45+),Normal,Far,Budget
2600,2024-01-10,58,Bakery,510.56,2.3,49,Cash,4.2,Delivered,1,Wednesday,Senior (45+),Normal,Near,Regular
